{
    "settings": {
        "options": {
            "show_on_front": "posts",
            "featured-content": {
                "tag-id": 35890,
                "tag-name": "featured",
                "hide-tag": 0,
                "show-all": 1
            },
            "jetpack_global_styles": false
        },
        "theme_mods": {
            "0": false,
            "nav_menu_locations": [],
            "custom_css_post_id": -1
        },
        "headstart": {
            "mapped_id_options": [],
            "mapped_id_theme_mods": [],
            "keep_submenu_items": true
        }
    },
    "widgets": [],
    "content": [
        {
            "post_type": "post",
            "post_title": "أسئلة وأجوبة مع أندرو هولسن، صانع مجوهرات يدوي",
            "post_content": "<!-- wp:paragraph -->\n<p>أندرو هو صانع مجوهرات يدوي من كاليفورنيا. يعود شغفه بالحرفة إلى أيامه الأولى في غرفة نوم جدته. اعتاد على ارتداء الأقراط الكبيرة والثقيلة ويتظاهر بأنه أصبح بالغًا.</p>\n<!-- /wp:paragraph -->\n\n<!-- wp:heading {\"level\":4} -->\n<h4>كيف هي عملية الإنشاء الخاصة بك؟</h4>\n<!-- /wp:heading -->\n\n<!-- wp:paragraph -->\n<p>أبدأ عادةً بعمل لوحة إلهام وتصور تشكيلة جديدة. يبدأ هذا عادةً عندما أبدأ في التقاط صور فوتوغرافية ورسم الأفكار السخيفة للأشكال.</p>\n<!-- /wp:paragraph -->\n\n<!-- wp:heading {\"level\":4} -->\n<h4>ما الذي يلهمك؟</h4>\n<!-- /wp:heading -->\n\n<!-- wp:paragraph -->\n<p>تُعد الأرض أكبر مصدر إلهام وتأثير بالنسبة لي. أحب زيارة متاجر الكريستال والبازارات العتيقة والحصول على الإلهام من جمال الأحجار الخام.</p>\n<!-- /wp:paragraph -->",
            "post_name": "qa-with-andrew-holsen-hand-maker",
            "post_excerpt": "",
            "menu_order": 0,
            "post_status": "publish",
            "comment_status": "closed",
            "ping_status": "closed",
            "_starter_page_template": "",
            "hs_old_id": 74,
            "hs_post_parent": 0,
            "hs_taxonomies": {
                "category_name": [
                    "مقابلات شخصية"
                ],
                "post_tag_name": []
            },
            "hs_custom_meta": "_hs_extra",
            "attachment_url": "https://pendantdemo.files.wordpress.com/2022/04/pendant_andrewholsen.png"
        },
        {
            "post_type": "post",
            "post_title": "أسئلة وأجوبة مع لانا ديفيتو، مصممة المجوهرات",
            "post_content": "<!-- wp:paragraph -->\n<p>لانا ديفيتو هي مصممة مجوهرات من بوسطون بولاية ماساتشوستس. يعود شغفها بالحرف إلى أيامها الأولى في غرفة نوم جدتها. اعتادت على ارتداء الأقراط الكبيرة والثقيلة وتتظاهر بأنها أصبحت بالغة.</p>\n<!-- /wp:paragraph -->\n\n<!-- wp:heading {\"level\":4} -->\n<h4>كيف هي عملية الإنشاء الخاصة بك؟</h4>\n<!-- /wp:heading -->\n\n<!-- wp:paragraph -->\n<p>أبدأ عادةً بعمل لوحة إلهام وتصور تشكيلة جديدة. يبدأ هذا عادةً عندما أبدأ في التقاط صور فوتوغرافية ورسم الأفكار السخيفة للأشكال.</p>\n<!-- /wp:paragraph -->\n\n<!-- wp:heading {\"level\":4} -->\n<h4>ما الذي يلهمك؟</h4>\n<!-- /wp:heading -->\n\n<!-- wp:paragraph -->\n<p>تُعد الأرض أكبر مصدر إلهام وتأثير بالنسبة لي. أحب زيارة متاجر الكريستال والبازارات العتيقة والحصول على الإلهام من جمال الأحجار الخام.</p>\n<!-- /wp:paragraph -->",
            "post_name": "qa-with-lana-devito-jewellery-designer",
            "post_excerpt": "",
            "menu_order": 0,
            "post_status": "publish",
            "comment_status": "closed",
            "ping_status": "closed",
            "_starter_page_template": "",
            "hs_old_id": 59,
            "hs_post_parent": 0,
            "hs_taxonomies": {
                "category_name": [
                    "مقابلات شخصية"
                ],
                "post_tag_name": []
            },
            "hs_custom_meta": "_hs_extra",
            "attachment_url": "https://pendantdemo.files.wordpress.com/2022/04/pendant_lanadevito.png"
        },
        {
            "post_type": "page",
            "post_title": "نبذة عن",
            "post_content": "<!-- wp:group {\"align\":\"full\",\"style\":{\"spacing\":{\"margin\":{\"top\":\"0px\"},\"padding\":{\"top\":\"40px\",\"bottom\":\"50px\"}}},\"backgroundColor\":\"foreground\",\"textColor\":\"background\",\"layout\":{\"inherit\":true}} -->\n<div class=\"wp-block-group alignfull has-background-color has-foreground-background-color has-text-color has-background\" style=\"margin-top:0;padding-top:40px;padding-bottom:50px;\"><!-- wp:columns {\"align\":\"wide\"} -->\n<div class=\"wp-block-columns alignwide\"><!-- wp:column {\"width\":\"42%\"} -->\n<div class=\"wp-block-column\" style=\"flex-basis:42%;\"><!-- wp:heading {\"level\":1,\"align\":\"wide\"} -->\n<h1 class=\"alignwide\">نبذة عن</h1>\n<!-- /wp:heading --></div>\n<!-- /wp:column -->\n\n<!-- wp:column -->\n<div class=\"wp-block-column\"><!-- wp:image {\"sizeSlug\":\"full\",\"linkDestination\":\"none\"} -->\n<figure class=\"wp-block-image size-full\"><img src=\"https://s0.wp.com/wp-content/themes/pub/pendant/assets/images/person-in-dress-at-shore.jpg\" alt=\"\" /></figure>\n<!-- /wp:image -->\n\n<!-- wp:heading {\"level\":4} -->\n<h4>ميا مور، عاشقة للمجوهرات</h4>\n<!-- /wp:heading -->\n\n<!-- wp:paragraph -->\n<p><em>\"كلما تعلمت المزيد عن المجوهرات وتعمقت في تاريخها، أحببتها أكثر. التعرُّف على المعاني الكامنة وراء الأشياء في لحظات زمنية معينة، وكيف تُترجم إلى حالة أو ثروة أو قوة. لقد كانت المجوهرات دومًا وسيلة للتواصل والتمييز ومع تطور المجتمع، تحولت إلى طريقة أخرى للتعبير مثل، الملابس. إنني متحمسة بشأن كيفية استخدامها للتعبير عن هويتنا الحقيقية.\"</em></p>\n<!-- /wp:paragraph --></div>\n<!-- /wp:column --></div>\n<!-- /wp:columns -->\n\n<!-- wp:spacer {\"height\":\"40px\"} -->\n<div style=\"height:40px;\" aria-hidden=\"true\" class=\"wp-block-spacer\"></div>\n<!-- /wp:spacer --></div>\n<!-- /wp:group -->\n\n<!-- wp:group {\"style\":{\"spacing\":{\"padding\":{\"top\":\"100px\",\"bottom\":\"100px\"}}}} -->\n<div class=\"wp-block-group\" style=\"padding-top:100px;padding-bottom:100px;\"><!-- wp:heading {\"level\":3,\"style\":{\"typography\":{\"lineHeight\":1.4}}} -->\n<h3 style=\"line-height:1.4;\">أسست ميا المدونة مع مجموعة من الأشخاص الذين شاركوا الشغف نفسه بالمجوهرات وتاريخها وصنعها يدويًا.</h3>\n<!-- /wp:heading --></div>\n<!-- /wp:group -->\n\n<!-- wp:media-text {\"align\":\"full\",\"mediaLink\":\"https://s0.wp.com/wp-content/themes/pub/pendant/assets/images/person-with-shadow-on-wall.jpeg\",\"mediaType\":\"image\",\"mediaWidth\":40,\"mediaSizeSlug\":\"full\",\"style\":{\"color\":{\"background\":\"#a19982\"}},\"className\":\"is-vertically-aligned-center\"} -->\n<div class=\"wp-block-media-text alignfull is-stacked-on-mobile is-vertically-aligned-center has-background\" style=\"background-color:#a19982;grid-template-columns:40% auto;\"><figure class=\"wp-block-media-text__media\"><img src=\"https://s0.wp.com/wp-content/themes/pub/pendant/assets/images/person-with-shadow-on-wall.jpeg\" alt=\"\" /></figure><div class=\"wp-block-media-text__content\"><!-- wp:group {\"style\":{\"spacing\":{\"padding\":{\"top\":\"30px\",\"right\":\"30px\",\"bottom\":\"40px\",\"left\":\"30px\"}}}} -->\n<div class=\"wp-block-group\" style=\"padding-top:30px;padding-right:30px;padding-bottom:40px;padding-left:30px;\"><!-- wp:quote {\"className\":\"is-style-plain\"} -->\n<blockquote class=\"wp-block-quote is-style-plain\"><p>\n\"نحن محظوظون للغاية لقدرتنا على الكتابة عن شغفنا وإجراء مقابلات مع أولئك الذين نعجب بعملهم\".</p><cite>ماري، محرِّرة PNDNT</cite></blockquote>\n<!-- /wp:quote --></div>\n<!-- /wp:group --></div></div>\n<!-- /wp:media-text -->\n\n<!-- wp:group {\"align\":\"wide\",\"style\":{\"spacing\":{\"padding\":{\"top\":\"5vw\",\"bottom\":\"5vw\"}}},\"layout\":{\"inherit\":true}} -->\n<div class=\"wp-block-group alignwide\" style=\"padding-top:5vw;padding-bottom:5vw;\"><!-- wp:columns {\"align\":\"wide\"} -->\n<div class=\"wp-block-columns alignwide\"><!-- wp:column {\"verticalAlignment\":\"top\",\"width\":\"25%\",\"style\":{\"spacing\":{\"padding\":{\"top\":\"7vw\"}}}} -->\n<div class=\"wp-block-column is-vertically-aligned-top\" style=\"padding-top:7vw;flex-basis:25%;\"><!-- wp:heading {\"level\":3} -->\n<h3>الفريق</h3>\n<!-- /wp:heading --></div>\n<!-- /wp:column -->\n\n<!-- wp:column {\"verticalAlignment\":\"top\"} -->\n<div class=\"wp-block-column is-vertically-aligned-top\"><!-- wp:group {\"style\":{\"spacing\":{\"padding\":{\"top\":\"1.5vw\",\"bottom\":\"3vw\"}}},\"layout\":{\"type\":\"flex\",\"orientation\":\"vertical\"}} -->\n<div class=\"wp-block-group\" style=\"padding-top:1.5vw;padding-bottom:3vw;\"><!-- wp:image {\"sizeSlug\":\"full\",\"linkDestination\":\"none\",\"className\":\"is-resized is-style-default\"} -->\n<figure class=\"wp-block-image size-full is-resized is-style-default\"><img src=\"https://s0.wp.com/wp-content/themes/pub/pendant/assets/images/smiling-woman-1.jpeg\" alt=\"\" /></figure>\n<!-- /wp:image -->\n\n<!-- wp:group {\"style\":{\"spacing\":{\"blockGap\":\"0px\"}},\"layout\":{\"type\":\"flex\",\"orientation\":\"vertical\"}} -->\n<div class=\"wp-block-group\"><!-- wp:paragraph -->\n<p><strong>ماري</strong></p>\n<!-- /wp:paragraph -->\n\n<!-- wp:paragraph -->\n<p><em>محرِّر وصائغ</em></p>\n<!-- /wp:paragraph --></div>\n<!-- /wp:group --></div>\n<!-- /wp:group -->\n\n<!-- wp:group {\"style\":{\"spacing\":{\"padding\":{\"top\":\"1.5vw\",\"bottom\":\"3vw\"}}},\"layout\":{\"type\":\"flex\",\"orientation\":\"vertical\"}} -->\n<div class=\"wp-block-group\" style=\"padding-top:1.5vw;padding-bottom:3vw;\"><!-- wp:image {\"sizeSlug\":\"full\",\"linkDestination\":\"none\",\"className\":\"is-resized is-style-default\"} -->\n<figure class=\"wp-block-image size-full is-resized is-style-default\"><img src=\"https://s0.wp.com/wp-content/themes/pub/pendant/assets/images/smiling-woman-3.jpeg\" alt=\"\" /></figure>\n<!-- /wp:image -->\n\n<!-- wp:group {\"style\":{\"spacing\":{\"blockGap\":\"0px\"}},\"layout\":{\"type\":\"flex\",\"orientation\":\"vertical\"}} -->\n<div class=\"wp-block-group\"><!-- wp:paragraph -->\n<p><strong>ساندرا</strong></p>\n<!-- /wp:paragraph -->\n\n<!-- wp:paragraph -->\n<p><em>الكاتب والمحرِّر ومصمم المجوهرات</em></p>\n<!-- /wp:paragraph --></div>\n<!-- /wp:group --></div>\n<!-- /wp:group --></div>\n<!-- /wp:column -->\n\n<!-- wp:column {\"verticalAlignment\":\"top\"} -->\n<div class=\"wp-block-column is-vertically-aligned-top\"><!-- wp:group {\"style\":{\"spacing\":{\"padding\":{\"top\":\"1.5vw\",\"bottom\":\"3vw\"}}},\"layout\":{\"type\":\"flex\",\"orientation\":\"vertical\"}} -->\n<div class=\"wp-block-group\" style=\"padding-top:1.5vw;padding-bottom:3vw;\"><!-- wp:image {\"sizeSlug\":\"full\",\"linkDestination\":\"none\",\"className\":\"is-resized is-style-default\"} -->\n<figure class=\"wp-block-image size-full is-resized is-style-default\"><img src=\"https://s0.wp.com/wp-content/themes/pub/pendant/assets/images/smiling-woman-2.jpeg\" alt=\"\" /></figure>\n<!-- /wp:image -->\n\n<!-- wp:group {\"style\":{\"spacing\":{\"blockGap\":\"0px\"}},\"layout\":{\"type\":\"flex\",\"orientation\":\"vertical\"}} -->\n<div class=\"wp-block-group\"><!-- wp:paragraph -->\n<p><strong>تانيا</strong></p>\n<!-- /wp:paragraph -->\n\n<!-- wp:paragraph -->\n<p><em>المحرِّر والعلاقات العامة</em></p>\n<!-- /wp:paragraph --></div>\n<!-- /wp:group --></div>\n<!-- /wp:group -->\n\n<!-- wp:group {\"style\":{\"spacing\":{\"padding\":{\"top\":\"1.5vw\",\"bottom\":\"3vw\"}}},\"layout\":{\"type\":\"flex\",\"orientation\":\"vertical\"}} -->\n<div class=\"wp-block-group\" style=\"padding-top:1.5vw;padding-bottom:3vw;\"><!-- wp:image {\"sizeSlug\":\"full\",\"linkDestination\":\"none\",\"className\":\"is-resized is-style-default\"} -->\n<figure class=\"wp-block-image size-full is-resized is-style-default\"><img src=\"https://s0.wp.com/wp-content/themes/pub/pendant/assets/images/man-with-backward-cap.jpeg\" alt=\"\" /></figure>\n<!-- /wp:image -->\n\n<!-- wp:group {\"style\":{\"spacing\":{\"blockGap\":\"0px\"}},\"layout\":{\"type\":\"flex\",\"orientation\":\"vertical\"}} -->\n<div class=\"wp-block-group\"><!-- wp:paragraph -->\n<p><strong>ريان</strong></p>\n<!-- /wp:paragraph -->\n\n<!-- wp:paragraph -->\n<p><em>التسويق وشبكات التواصل الاجتماعي</em></p>\n<!-- /wp:paragraph --></div>\n<!-- /wp:group --></div>\n<!-- /wp:group --></div>\n<!-- /wp:column --></div>\n<!-- /wp:columns --></div>\n<!-- /wp:group -->",
            "post_name": "about",
            "post_excerpt": "",
            "menu_order": 0,
            "post_status": "publish",
            "comment_status": "closed",
            "ping_status": "closed",
            "_starter_page_template": "blank",
            "hs_old_id": 23,
            "hs_post_parent": 0,
            "hs_taxonomies": [],
            "hs_custom_meta": "_hs_extra",
            "page_template": "header-footer-only"
        },
        {
            "post_type": "post",
            "post_title": "الإلهامات اليونانية",
            "post_content": "<!-- wp:paragraph -->\n<p>قبل التعامل مع المجوهرات اليونانية في الفترة الكلاسيكية، يجب الإشارة إلى الزينة البدائية والقديمة التي سبقتها. تُعرف فترة ومرحلة الثقافة اليونانية التي تنتمي إليها الزينة البدائية على نطاق واسع باسم \"Mycenæan\" — وهو عنوان يعود إلى الاكتشافات التي تمت في الحضارة المايسينية، حيث سلط شليمان الضوء في عام 1876 على كنز الذهب الشهير المحفوظ الآن في المتحف الوطني في أثينا. </p>\n<!-- /wp:paragraph -->\n\n<!-- wp:paragraph -->\n<p>يتمثَّل الدافع المميز لزخرفة هذه الأشياء في استخدام أنماط لولبية متطابقة تقريبًا مع تلك المستخدمة في الزينة السلتية. بالإضافة إلى هذه وغيرها من المعارض البدائية للمهارات الزخرفية، نكتشف تمثيلات لأشكال الحيوانات الطبيعية، مثل الحبار ونجم البحر والفراشات وغيرها من الكائنات. </p>\n<!-- /wp:paragraph -->\n\n<!-- wp:paragraph -->\n<p>يتم عرض هذه بأنماط بارزة منخفضة. من بين أبرز الأشياء عدد من التيجان الذهبية التي عادة ما تكون على شكل لوحات بيضاوية مستطيلة مزينة بأعمال رائعة بشكل رئيسي على شكل ورديات ولوالب.</p>\n<!-- /wp:paragraph -->\n\n<!-- wp:heading {\"level\":3} -->\n<h3>الموضة</h3>\n<!-- /wp:heading -->\n\n<!-- wp:group -->\n<div class=\"wp-block-group\"><!-- wp:image {\"align\":\"left\",\"id\":13,\"sizeSlug\":\"large\",\"linkDestination\":\"none\"} -->\n<figure class=\"wp-block-image alignleft size-large\"><img src=\"https://pendantdemo.files.wordpress.com/2022/04/stocksnap_3ta5332ij4-2.jpeg?w=399\" alt=\"\" class=\"wp-image-13\" /></figure>\n<!-- /wp:image -->\n\n<!-- wp:paragraph -->\n<p>كان يتم ترصيع مجوهرات العزاء عادةً باللآلئ أو العقيق أو في كثير من الأحيان بأحجار كريمة. كان يحظى الأخير حتى فترة قصيرة ماضية باستحسان الجميع وتم تشكيله إلى جميع أنواع الزينة. لحسن الحظ، إنه يلبي الآن طلبًا قليلاً. </p>\n<!-- /wp:paragraph -->\n\n<!-- wp:paragraph -->\n<p>لقد توقفت الآن عادة ارتداء الزينة المكوَّنة من مثل هذه المواد الكئيبة والبغيضة لجميع الأغراض، على الرغم من استمرارها إلى حد ما في فرنسا، حيث لا يزال يتم ارتداء مصنوعات للشعر على شكل أساور وقلائد كهدايا قيمة للأسرة. </p>\n<!-- /wp:paragraph -->\n\n<!-- wp:paragraph -->\n<p>بدأ استخدام خواتم العزاء وغيرها من المجوهرات التذكارية في التلاشي بعد منتصف القرن التاسع عشر.</p>\n<!-- /wp:paragraph -->\n\n<!-- wp:paragraph -->\n<p>وضعت سيدة الموضة التي شنت حربًا عبر جميع العصور على منتجات الصائغ حملاً أثقل على هذه المنتجات أكثر من أي شكل آخر من أشكال الزخرفة الشخصية — وهو ظرف يفسر بقاء نسبة صغيرة نسبيًا في الوقت الحاضر من الكمية الهائلة لعناصر هذا الوصف التي يجب أن تكون قد تم إنتاجها سابقًا. </p>\n<!-- /wp:paragraph --></div>\n<!-- /wp:group -->\n\n<!-- wp:group {\"align\":\"full\",\"backgroundColor\":\"tertiary\",\"layout\":{\"inherit\":true}} -->\n<div class=\"wp-block-group alignfull has-tertiary-background-color has-background\"><!-- wp:quote {\"align\":\"center\",\"className\":\"is-style-plain\"} -->\n<blockquote class=\"wp-block-quote has-text-align-center is-style-plain\"><p>\"بالنسبة إلى الأقراط، على الجانب الآخر، لقد نجا عدد معقول من الأمثلة. لم تعرض الصور الشخصية الفرنسية والإنجليزية في البداية سوى لؤلؤة كبيرة على شكل كمثرى في كل أذن.\"</p><cite>في كتاب \"Jewellery\" بواسطة هالورد كليفورد سميث</cite></blockquote>\n<!-- /wp:quote --></div>\n<!-- /wp:group -->\n\n<!-- wp:paragraph -->\n<p>انطوت معظم العائلات من وقت لآخر إلى مزيج من تراكمات هذه النصب التذكارية الخاصة بأسلافهم؛ وأولئك الذين عملوا لفترة طويلة في تجارة المجوهرات يعترفون بالمئات من هذه القطع الآثرية التي قاموا بتقسيمها. من المأمول فيه أن تؤدي النهضة الحالية إلى الحفاظ على ما تبقى من هذه التذكارات الغريبة لوفياتنا الضعيفة.</p>\n<!-- /wp:paragraph -->",
            "post_name": "greek-inspirations",
            "post_excerpt": "وضعت سيدة الموضة التي شنت حربًا عبر جميع العصور على منتجات الصائغ حملاً أثقل على هذه المنتجات مقارنةً بأي أشكال زينة شخصية أخرى.",
            "menu_order": 0,
            "post_status": "publish",
            "comment_status": "closed",
            "ping_status": "closed",
            "_starter_page_template": "",
            "hs_old_id": 9,
            "hs_post_parent": 0,
            "hs_taxonomies": {
                "category_name": [
                    "مجوهرات عتيقة وقديمة",
                    "أساور",
                    "مقتنيات المتاحف",
                    "دلايات"
                ],
                "post_tag_name": []
            },
            "hs_custom_meta": "_hs_extra",
            "attachment_url": "https://pendantdemo.files.wordpress.com/2022/04/woman-hair-face-skin-hairstyle-ear-1600848-pxhere-1.jpeg"
        },
        {
            "post_type": "post",
            "post_title": "قطع مجوهرات خالدة",
            "post_content": "<!-- wp:paragraph -->\n<p> لم يكن خاتم الخطوبة أو زوج أزرار الكم أو دبوس بسيط للفستان أمرًا شائعًا في العصور القديمة، وينتمي استخدامه العام لهذا الغرض إلى العصور الحديثة نسبيًا.</p>\n<!-- /wp:paragraph -->",
            "post_name": "timeless-jewelry-pieces",
            "post_excerpt": "",
            "menu_order": 0,
            "post_status": "publish",
            "comment_status": "closed",
            "ping_status": "closed",
            "_starter_page_template": "",
            "hs_old_id": 29,
            "hs_post_parent": 0,
            "hs_taxonomies": {
                "category_name": [
                    "مجوهرات عتيقة وقديمة"
                ],
                "post_tag_name": []
            },
            "hs_custom_meta": "_hs_extra",
            "attachment_url": "https://pendantdemo.files.wordpress.com/2022/04/engagement-ring-on-finger.jpeg"
        }
    ],
    "images": [
        "https://pendantdemo.files.wordpress.com/2022/04/pendant_lanadevito.png",
        "https://pendantdemo.files.wordpress.com/2022/04/pendant_andrewholsen.png",
        "https://pendantdemo.files.wordpress.com/2022/04/ring.png",
        "https://pendantdemo.files.wordpress.com/2022/04/necklace_1.png",
        "https://pendantdemo.files.wordpress.com/2022/04/earrings.png",
        "https://pendantdemo.files.wordpress.com/2022/04/engagement-ring-on-finger.jpeg",
        "https://pendantdemo.files.wordpress.com/2022/04/stocksnap_3ta5332ij4-2.jpeg",
        "https://pendantdemo.files.wordpress.com/2022/04/woman-hair-face-skin-hairstyle-ear-1600848-pxhere-1.jpeg"
    ],
    "meta": {
        "blog_id": 204974443,
        "url": "https://pendantdemo.wordpress.com",
        "update_date": "بتاريخ 28 يونيو 2018 في تمام 10:17 مساء",
        "update_timestamp": 1656454648
    }
}