{
    "settings": {
        "options": {
            "show_on_front": "posts",
            "featured-content": {
                "tag-id": 35890,
                "tag-name": "featured",
                "hide-tag": 0,
                "show-all": 1
            },
            "jetpack_global_styles": false
        },
        "theme_mods": {
            "0": false,
            "nav_menu_locations": [],
            "custom_css_post_id": -1
        },
        "headstart": {
            "mapped_id_options": [],
            "mapped_id_theme_mods": [],
            "keep_submenu_items": true
        }
    },
    "widgets": [],
    "content": [
        {
            "post_type": "post",
            "post_title": "Interview mit Andrew Holsen, Schmuckhandwerker",
            "post_content": "<!-- wp:paragraph -->\n<p>Andrew ist ein Schmuckhandwerker aus Kalifornien. Seine Leidenschaft für das Handwerk geht auf seine Kindheitserinnerungen im Schlafzimmer seiner Großmutter zurück. Dort stöberte er immer in ihren Schmuckschatullen und bewunderte das edle Material und die filigrane Ausführung der entdeckten Schätze.</p>\n<!-- /wp:paragraph -->\n\n<!-- wp:heading {\"level\":4} -->\n<h4>Wie sieht dein Schaffensprozess aus?</h4>\n<!-- /wp:heading -->\n\n<!-- wp:paragraph -->\n<p>In der Regel beginne ich mit dem Moodboard und der Konzeptionierung einer neuen Kollektion. Normalerweise beginnt das schon viel früher, wenn ich erst mal nur fotografiere und ausgefallene Ideen für Formen skizziere.</p>\n<!-- /wp:paragraph -->\n\n<!-- wp:heading {\"level\":4} -->\n<h4>Was inspiriert dich?</h4>\n<!-- /wp:heading -->\n\n<!-- wp:paragraph -->\n<p>Die Erde ist meine größte Inspiration und mein stärkster Einfluss. Ich besuche gerne Steinläden und Vintage-Märkte und lasse mich von der Schönheit der Rohedelsteine inspirieren.</p>\n<!-- /wp:paragraph -->",
            "post_name": "qa-with-andrew-holsen-hand-maker",
            "post_excerpt": "",
            "menu_order": 0,
            "post_status": "publish",
            "comment_status": "closed",
            "ping_status": "closed",
            "_starter_page_template": "",
            "hs_old_id": 74,
            "hs_post_parent": 0,
            "hs_taxonomies": {
                "category_name": [
                    "Interviews"
                ],
                "post_tag_name": []
            },
            "hs_custom_meta": "_hs_extra",
            "attachment_url": "https://pendantdemo.files.wordpress.com/2022/04/pendant_andrewholsen.png"
        },
        {
            "post_type": "post",
            "post_title": "Interview mit Lana DeVito, Schmuckdesignerin",
            "post_content": "<!-- wp:paragraph -->\n<p>Lana DeVito ist Schmuckdesignerin in Boston, MA. Ihre Leidenschaft für das Handwerk geht auf ihre Kindheitserinnerungen im Schlafzimmer ihrer Großmutter zurück. Dort verkleidete sie sich und schmückte sich mit großen, schweren Ohrringen, um sich erwachsen zu fühlen.</p>\n<!-- /wp:paragraph -->\n\n<!-- wp:heading {\"level\":4} -->\n<h4>Wie sieht dein Schaffensprozess aus?</h4>\n<!-- /wp:heading -->\n\n<!-- wp:paragraph -->\n<p>In der Regel beginne ich mit dem Moodboard und der Konzeptionierung einer neuen Kollektion. Normalerweise beginnt das schon viel früher, wenn ich erst mal nur fotografiere und ausgefallene Ideen für Formen skizziere.</p>\n<!-- /wp:paragraph -->\n\n<!-- wp:heading {\"level\":4} -->\n<h4>Was inspiriert dich?</h4>\n<!-- /wp:heading -->\n\n<!-- wp:paragraph -->\n<p>Die Erde ist meine größte Inspiration und mein stärkster Einfluss. Ich besuche gerne Steinläden und Vintage-Märkte und lasse mich von der Schönheit der Rohedelsteine inspirieren.</p>\n<!-- /wp:paragraph -->",
            "post_name": "qa-with-lana-devito-jewellery-designer",
            "post_excerpt": "",
            "menu_order": 0,
            "post_status": "publish",
            "comment_status": "closed",
            "ping_status": "closed",
            "_starter_page_template": "",
            "hs_old_id": 59,
            "hs_post_parent": 0,
            "hs_taxonomies": {
                "category_name": [
                    "Interviews"
                ],
                "post_tag_name": []
            },
            "hs_custom_meta": "_hs_extra",
            "attachment_url": "https://pendantdemo.files.wordpress.com/2022/04/pendant_lanadevito.png"
        },
        {
            "post_type": "page",
            "post_title": "Beiträge",
            "post_content": "<!-- wp:query {\"queryId\":2,\"query\":{\"perPage\":\"8\",\"pages\":0,\"offset\":0,\"postType\":\"post\",\"order\":\"desc\",\"orderBy\":\"date\",\"author\":\"\",\"search\":\"\",\"exclude\":[],\"sticky\":\"exclude\",\"inherit\":false},\"tagName\":\"main\",\"displayLayout\":{\"type\":\"flex\",\"columns\":2},\"align\":\"wide\",\"layout\":{\"inherit\":false}} -->\n<main class=\"wp-block-query alignwide\"><!-- wp:group {\"align\":\"wide\",\"style\":{\"spacing\":{\"padding\":{\"top\":\"1em\",\"bottom\":\"1.5em\"}}},\"layout\":{\"inherit\":false}} -->\n<div class=\"wp-block-group alignwide\" style=\"padding-top:1em;padding-bottom:1.5em;\"><!-- wp:post-template -->\n<!-- wp:group {\"style\":{\"spacing\":{\"padding\":{\"top\":\"2em\",\"bottom\":\"2em\"}}}} -->\n<div class=\"wp-block-group\" style=\"padding-top:2em;padding-bottom:2em;\"><!-- wp:post-featured-image {\"isLink\":true,\"width\":\"100%\",\"height\":\"16em\"} /-->\n\n<!-- wp:post-title {\"level\":3,\"isLink\":true} /-->\n\n<!-- wp:post-excerpt /-->\n\n<!-- wp:read-more {\"style\":{\"typography\":{\"fontStyle\":\"normal\",\"fontWeight\":\"700\"}},\"fontSize\":\"medium\"} /--></div>\n<!-- /wp:group -->\n<!-- /wp:post-template --></div>\n<!-- /wp:group -->\n\n<!-- wp:separator {\"align\":\"wide\",\"backgroundColor\":\"foreground\",\"className\":\"is-style-wide\"} -->\n<hr class=\"wp-block-separator alignwide has-text-color has-foreground-color has-alpha-channel-opacity has-foreground-background-color has-background is-style-wide\" />\n<!-- /wp:separator -->\n\n<!-- wp:group {\"align\":\"wide\",\"style\":{\"spacing\":{\"margin\":{\"top\":\"0\"},\"padding\":{\"top\":\"2.5em\",\"bottom\":\"2.5em\"}}}} -->\n<div class=\"wp-block-group alignwide\" style=\"margin-top:0;padding-top:2.5em;padding-bottom:2.5em;\"><!-- wp:query-pagination {\"layout\":{\"type\":\"flex\",\"justifyContent\":\"space-between\"}} -->\n<!-- wp:query-pagination-previous /-->\n\n<!-- wp:query-pagination-numbers /-->\n\n<!-- wp:query-pagination-next /-->\n<!-- /wp:query-pagination --></div>\n<!-- /wp:group --></main>\n<!-- /wp:query -->",
            "post_name": "articles",
            "post_excerpt": "",
            "menu_order": 0,
            "post_status": "publish",
            "comment_status": "closed",
            "ping_status": "closed",
            "_starter_page_template": "blank",
            "hs_old_id": 48,
            "hs_post_parent": 0,
            "hs_taxonomies": [],
            "hs_custom_meta": "_hs_extra"
        },
        {
            "post_type": "page",
            "post_title": "Über",
            "post_content": "<!-- wp:group {\"align\":\"full\",\"style\":{\"spacing\":{\"margin\":{\"top\":\"0px\"},\"padding\":{\"top\":\"40px\",\"bottom\":\"50px\"}}},\"backgroundColor\":\"foreground\",\"textColor\":\"background\",\"layout\":{\"inherit\":true}} -->\n<div class=\"wp-block-group alignfull has-background-color has-foreground-background-color has-text-color has-background\" style=\"margin-top:0;padding-top:40px;padding-bottom:50px;\"><!-- wp:columns {\"align\":\"wide\"} -->\n<div class=\"wp-block-columns alignwide\"><!-- wp:column {\"width\":\"42%\"} -->\n<div class=\"wp-block-column\" style=\"flex-basis:42%;\"><!-- wp:heading {\"level\":1,\"align\":\"wide\"} -->\n<h1 class=\"alignwide\">Über uns</h1>\n<!-- /wp:heading --></div>\n<!-- /wp:column -->\n\n<!-- wp:column -->\n<div class=\"wp-block-column\"><!-- wp:image {\"sizeSlug\":\"full\",\"linkDestination\":\"none\"} -->\n<figure class=\"wp-block-image size-full\"><img src=\"https://s0.wp.com/wp-content/themes/pub/pendant/assets/images/person-in-dress-at-shore.jpg\" alt=\"\" /></figure>\n<!-- /wp:image -->\n\n<!-- wp:heading {\"level\":4} -->\n<h4>Mia Moore, Schmuckliebhaberin</h4>\n<!-- /wp:heading -->\n\n<!-- wp:paragraph -->\n<p><em>„Je mehr ich über Schmuck lerne und in seine Geschichte eintauche, desto mehr liebe ich ihn. Man lernt die Bedeutung von Objekten zu bestimmten Zeiten kennen und wie sie sich in Status, Reichtum oder Macht ausdrückten. Schmuck war schon immer ein Mittel, um zu kommunizieren und sich hervorzuheben, und mit der Entwicklung der Gesellschaft wurde er zu einer weiteren Ausdrucksform, wie die Kleidung. Es fasziniert mich, wie wir Schmuck nutzen, um auszudrücken, wer wir wirklich sind.“</em></p>\n<!-- /wp:paragraph --></div>\n<!-- /wp:column --></div>\n<!-- /wp:columns -->\n\n<!-- wp:spacer {\"height\":\"40px\"} -->\n<div style=\"height:40px;\" aria-hidden=\"true\" class=\"wp-block-spacer\"></div>\n<!-- /wp:spacer --></div>\n<!-- /wp:group -->\n\n<!-- wp:group {\"style\":{\"spacing\":{\"padding\":{\"top\":\"100px\",\"bottom\":\"100px\"}}}} -->\n<div class=\"wp-block-group\" style=\"padding-top:100px;padding-bottom:100px;\"><!-- wp:heading {\"level\":3,\"style\":{\"typography\":{\"lineHeight\":1.4}}} -->\n<h3 style=\"line-height:1.4;\">Mia gründete das Blog mit einer Gruppe von Menschen, die die gleiche Leidenschaft für Schmuck, seine Geschichte und das mit ihm verbundene Handwerk teilen.</h3>\n<!-- /wp:heading --></div>\n<!-- /wp:group -->\n\n<!-- wp:media-text {\"align\":\"full\",\"mediaLink\":\"https://s0.wp.com/wp-content/themes/pub/pendant/assets/images/person-with-shadow-on-wall.jpeg\",\"mediaType\":\"image\",\"mediaWidth\":40,\"mediaSizeSlug\":\"full\",\"style\":{\"color\":{\"background\":\"#a19982\"}},\"className\":\"is-vertically-aligned-center\"} -->\n<div class=\"wp-block-media-text alignfull is-stacked-on-mobile is-vertically-aligned-center has-background\" style=\"background-color:#a19982;grid-template-columns:40% auto;\"><figure class=\"wp-block-media-text__media\"><img src=\"https://s0.wp.com/wp-content/themes/pub/pendant/assets/images/person-with-shadow-on-wall.jpeg\" alt=\"\" /></figure><div class=\"wp-block-media-text__content\"><!-- wp:group {\"style\":{\"spacing\":{\"padding\":{\"top\":\"30px\",\"right\":\"30px\",\"bottom\":\"40px\",\"left\":\"30px\"}}}} -->\n<div class=\"wp-block-group\" style=\"padding-top:30px;padding-right:30px;padding-bottom:40px;padding-left:30px;\"><!-- wp:quote {\"className\":\"is-style-plain\"} -->\n<blockquote class=\"wp-block-quote is-style-plain\"><p>\n„Wir haben das große Glück, über unsere Leidenschaft schreiben und diejenigen interviewen zu können, deren Arbeit wir bewundern.“</p><cite>Marie, Redakteurin für PNDNT</cite></blockquote>\n<!-- /wp:quote --></div>\n<!-- /wp:group --></div></div>\n<!-- /wp:media-text -->\n\n<!-- wp:group {\"align\":\"wide\",\"style\":{\"spacing\":{\"padding\":{\"top\":\"5vw\",\"bottom\":\"5vw\"}}},\"layout\":{\"inherit\":true}} -->\n<div class=\"wp-block-group alignwide\" style=\"padding-top:5vw;padding-bottom:5vw;\"><!-- wp:columns {\"align\":\"wide\"} -->\n<div class=\"wp-block-columns alignwide\"><!-- wp:column {\"verticalAlignment\":\"top\",\"width\":\"25%\",\"style\":{\"spacing\":{\"padding\":{\"top\":\"7vw\"}}}} -->\n<div class=\"wp-block-column is-vertically-aligned-top\" style=\"padding-top:7vw;flex-basis:25%;\"><!-- wp:heading {\"level\":3} -->\n<h3>Das Team</h3>\n<!-- /wp:heading --></div>\n<!-- /wp:column -->\n\n<!-- wp:column {\"verticalAlignment\":\"top\"} -->\n<div class=\"wp-block-column is-vertically-aligned-top\"><!-- wp:group {\"style\":{\"spacing\":{\"padding\":{\"top\":\"1.5vw\",\"bottom\":\"3vw\"}}},\"layout\":{\"type\":\"flex\",\"orientation\":\"vertical\"}} -->\n<div class=\"wp-block-group\" style=\"padding-top:1.5vw;padding-bottom:3vw;\"><!-- wp:image {\"sizeSlug\":\"full\",\"linkDestination\":\"none\",\"className\":\"is-resized is-style-default\"} -->\n<figure class=\"wp-block-image size-full is-resized is-style-default\"><img src=\"https://s0.wp.com/wp-content/themes/pub/pendant/assets/images/smiling-woman-1.jpeg\" alt=\"\" /></figure>\n<!-- /wp:image -->\n\n<!-- wp:group {\"style\":{\"spacing\":{\"blockGap\":\"0px\"}},\"layout\":{\"type\":\"flex\",\"orientation\":\"vertical\"}} -->\n<div class=\"wp-block-group\"><!-- wp:paragraph -->\n<p><strong>Marie</strong></p>\n<!-- /wp:paragraph -->\n\n<!-- wp:paragraph -->\n<p><em>Redakteurin und Juwelierin</em></p>\n<!-- /wp:paragraph --></div>\n<!-- /wp:group --></div>\n<!-- /wp:group -->\n\n<!-- wp:group {\"style\":{\"spacing\":{\"padding\":{\"top\":\"1.5vw\",\"bottom\":\"3vw\"}}},\"layout\":{\"type\":\"flex\",\"orientation\":\"vertical\"}} -->\n<div class=\"wp-block-group\" style=\"padding-top:1.5vw;padding-bottom:3vw;\"><!-- wp:image {\"sizeSlug\":\"full\",\"linkDestination\":\"none\",\"className\":\"is-resized is-style-default\"} -->\n<figure class=\"wp-block-image size-full is-resized is-style-default\"><img src=\"https://s0.wp.com/wp-content/themes/pub/pendant/assets/images/smiling-woman-3.jpeg\" alt=\"\" /></figure>\n<!-- /wp:image -->\n\n<!-- wp:group {\"style\":{\"spacing\":{\"blockGap\":\"0px\"}},\"layout\":{\"type\":\"flex\",\"orientation\":\"vertical\"}} -->\n<div class=\"wp-block-group\"><!-- wp:paragraph -->\n<p><strong>Sandra</strong></p>\n<!-- /wp:paragraph -->\n\n<!-- wp:paragraph -->\n<p><em>Autorin, Redakteurin und Schmuckdesignerin</em></p>\n<!-- /wp:paragraph --></div>\n<!-- /wp:group --></div>\n<!-- /wp:group --></div>\n<!-- /wp:column -->\n\n<!-- wp:column {\"verticalAlignment\":\"top\"} -->\n<div class=\"wp-block-column is-vertically-aligned-top\"><!-- wp:group {\"style\":{\"spacing\":{\"padding\":{\"top\":\"1.5vw\",\"bottom\":\"3vw\"}}},\"layout\":{\"type\":\"flex\",\"orientation\":\"vertical\"}} -->\n<div class=\"wp-block-group\" style=\"padding-top:1.5vw;padding-bottom:3vw;\"><!-- wp:image {\"sizeSlug\":\"full\",\"linkDestination\":\"none\",\"className\":\"is-resized is-style-default\"} -->\n<figure class=\"wp-block-image size-full is-resized is-style-default\"><img src=\"https://s0.wp.com/wp-content/themes/pub/pendant/assets/images/smiling-woman-2.jpeg\" alt=\"\" /></figure>\n<!-- /wp:image -->\n\n<!-- wp:group {\"style\":{\"spacing\":{\"blockGap\":\"0px\"}},\"layout\":{\"type\":\"flex\",\"orientation\":\"vertical\"}} -->\n<div class=\"wp-block-group\"><!-- wp:paragraph -->\n<p><strong>Tanya</strong></p>\n<!-- /wp:paragraph -->\n\n<!-- wp:paragraph -->\n<p><em>Redaktion und Public Relations</em></p>\n<!-- /wp:paragraph --></div>\n<!-- /wp:group --></div>\n<!-- /wp:group -->\n\n<!-- wp:group {\"style\":{\"spacing\":{\"padding\":{\"top\":\"1.5vw\",\"bottom\":\"3vw\"}}},\"layout\":{\"type\":\"flex\",\"orientation\":\"vertical\"}} -->\n<div class=\"wp-block-group\" style=\"padding-top:1.5vw;padding-bottom:3vw;\"><!-- wp:image {\"sizeSlug\":\"full\",\"linkDestination\":\"none\",\"className\":\"is-resized is-style-default\"} -->\n<figure class=\"wp-block-image size-full is-resized is-style-default\"><img src=\"https://s0.wp.com/wp-content/themes/pub/pendant/assets/images/man-with-backward-cap.jpeg\" alt=\"\" /></figure>\n<!-- /wp:image -->\n\n<!-- wp:group {\"style\":{\"spacing\":{\"blockGap\":\"0px\"}},\"layout\":{\"type\":\"flex\",\"orientation\":\"vertical\"}} -->\n<div class=\"wp-block-group\"><!-- wp:paragraph -->\n<p><strong>Ryan</strong></p>\n<!-- /wp:paragraph -->\n\n<!-- wp:paragraph -->\n<p><em>Marketing und Soziale Medien</em></p>\n<!-- /wp:paragraph --></div>\n<!-- /wp:group --></div>\n<!-- /wp:group --></div>\n<!-- /wp:column --></div>\n<!-- /wp:columns --></div>\n<!-- /wp:group -->",
            "post_name": "about",
            "post_excerpt": "",
            "menu_order": 0,
            "post_status": "publish",
            "comment_status": "closed",
            "ping_status": "closed",
            "_starter_page_template": "blank",
            "hs_old_id": 23,
            "hs_post_parent": 0,
            "hs_taxonomies": [],
            "hs_custom_meta": "_hs_extra",
            "page_template": "header-footer-only"
        },
        {
            "post_type": "post",
            "post_title": "Griechische Inspirationen",
            "post_content": "<!-- wp:paragraph -->\n<p>Bevor man sich dem griechischen Schmuck der klassischen Periode zuwendet, muss man sich mit den primitiven und archaischen Schmuckstücken befassen, die diesem vorausgingen. Die Periode und Phase der griechischen Kultur, zu der die primitiven Ornamente gehören, ist weithin als „mykenisch“ bekannt. Diesen Titel verdankt sie den Entdeckungen in Mykene, wo Schliemann 1876 den berühmten Goldschatz zutage förderte, der heute im Nationalmuseum in Athen aufbewahrt wird. </p>\n<!-- /wp:paragraph -->\n\n<!-- wp:paragraph -->\n<p>Ein charakteristisches Motiv, das bei der Verzierung dieser Objekte verwendet wird, sind Spiralmuster, die fast identisch sind mit denen, die bei keltischen Ornamenten verwendet werden. Neben diesen und anderen primitiven Darstellungen dekorativer Kunstfertigkeit finden wir auch naturalistische Tierdarstellungen, wie von Tintenfischen, Seesternen, Schmetterlingen und anderen Geschöpfen. </p>\n<!-- /wp:paragraph -->\n\n<!-- wp:paragraph -->\n<p>Diese werden in Repoussé-Mustern dargestellt, die in Flachrelief gearbeitet sind. Zu den bemerkenswertesten Objekten gehören eine Reihe von Goldkronen, die in der Regel die Form länglicher ovaler Platten haben und mit feinen Verzierungen, vor allem in Form von Rosetten und Spiralen, versehen sind.</p>\n<!-- /wp:paragraph -->\n\n<!-- wp:heading {\"level\":3} -->\n<h3>Die Göttin Mode</h3>\n<!-- /wp:heading -->\n\n<!-- wp:group -->\n<div class=\"wp-block-group\"><!-- wp:image {\"align\":\"left\",\"id\":13,\"sizeSlug\":\"large\",\"linkDestination\":\"none\"} -->\n<figure class=\"wp-block-image alignleft size-large\"><img src=\"https://pendantdemo.files.wordpress.com/2022/04/stocksnap_3ta5332ij4-2.jpeg?w=399\" alt=\"\" class=\"wp-image-13\" /></figure>\n<!-- /wp:image -->\n\n<!-- wp:paragraph -->\n<p>Trauerschmuck wurde in der Regel mit Perlen, Granaten oder häufiger auch mit Gagat besetzt. Letzterer war bis vor Kurzem noch sehr beliebt und wurde zu allen möglichen Ornamenten verarbeitet. Glücklicherweise ist die Nachfrage danach heute eher gering. </p>\n<!-- /wp:paragraph -->\n\n<!-- wp:paragraph -->\n<p>Der Brauch, Schmuck aus solch düsterem und unangenehmem Material zu tragen, existiert heute so gut wie gar nicht mehr, obwohl er in Frankreich bis zu einem gewissen Grad weitergeführt wird, wo Armbänder und Medaillons aus menschlichem Haar noch immer als kostbare Familiensouvenirs getragen werden. </p>\n<!-- /wp:paragraph -->\n\n<!-- wp:paragraph -->\n<p>Nach der Mitte des 19. Jahrhunderts begann die Verwendung von Trauerringen und anderem Gedenkschmuck auszusterben.</p>\n<!-- /wp:paragraph -->\n\n<!-- wp:paragraph -->\n<p>Die Göttin Mode, die durch alle Zeiten hindurch die Erzeugnisse der Goldschmiedekunst bekämpft hat, hat auf diese mehr Einfluss genommen als auf alle anderen Formen des persönlichen Schmucks. Dieser Umstand erklärt, warum heute nur noch ein verhältnismäßig kleiner Teil der enormen Menge an Gegenständen dieser Art, die früher hergestellt worden sein muss, erhalten ist. </p>\n<!-- /wp:paragraph --></div>\n<!-- /wp:group -->\n\n<!-- wp:group {\"align\":\"full\",\"backgroundColor\":\"tertiary\",\"layout\":{\"inherit\":true}} -->\n<div class=\"wp-block-group alignfull has-tertiary-background-color has-background\"><!-- wp:quote {\"align\":\"center\",\"className\":\"is-style-plain\"} -->\n<blockquote class=\"wp-block-quote has-text-align-center is-style-plain\"><p>„Von den Ohrringen ist dagegen eine beträchtliche Anzahl von Exemplaren erhalten geblieben. Französische und englische Porträts zeigen zunächst nur eine große birnenförmige Perle in jedem Ohr.“</p><cite>Aus „Jewellery“ von H. Clifford Smith</cite></blockquote>\n<!-- /wp:quote --></div>\n<!-- /wp:group -->\n\n<!-- wp:paragraph -->\n<p>Die meisten Familien haben diese gesammelten Erinnerungsstücke ihrer Vorfahren von Zeit zu Zeit in den Schmelztiegel geworfen, und diejenigen, die schon lange im Juweliergeschäft tätig sind, geben zu, dass sie Hunderte solcher Relikte zerlegt haben. Es ist zu hoffen, dass die gegenwärtige Wiederbelebung dazu führt, dass zumindest einige dieser pittoresken Erinnerungen an die menschliche Vergänglichkeit erhalten bleiben.</p>\n<!-- /wp:paragraph -->",
            "post_name": "greek-inspirations",
            "post_excerpt": "Die Göttin Mode, die durch alle Zeiten hindurch die Erzeugnisse der Goldschmiedekunst bekämpft hat, hat auf diese mehr Einfluss genommen als auf alle anderen Formen des persönlichen Schmucks.",
            "menu_order": 0,
            "post_status": "publish",
            "comment_status": "closed",
            "ping_status": "closed",
            "_starter_page_template": "",
            "hs_old_id": 9,
            "hs_post_parent": 0,
            "hs_taxonomies": {
                "category_name": [
                    "Antiker und Vintage-Schmuck",
                    "Armbänder",
                    "Museumssammlungen",
                    "Anhänger"
                ],
                "post_tag_name": []
            },
            "hs_custom_meta": "_hs_extra",
            "attachment_url": "https://pendantdemo.files.wordpress.com/2022/04/woman-hair-face-skin-hairstyle-ear-1600848-pxhere-1.jpeg"
        },
        {
            "post_type": "post",
            "post_title": "Zeitlose Schmuckstücke",
            "post_content": "<!-- wp:paragraph -->\n<p> Ein Verlobungsring, ein Paar Manschettenknöpfe oder eine einfache Anstecknadel für das Kleid waren in der Antike unüblich. Die allgemeine Verwendung von Schmuckstücken für diesen Zweck gibt es erst seit vergleichsweise jüngerer Zeit.</p>\n<!-- /wp:paragraph -->",
            "post_name": "timeless-jewelry-pieces",
            "post_excerpt": "",
            "menu_order": 0,
            "post_status": "publish",
            "comment_status": "closed",
            "ping_status": "closed",
            "_starter_page_template": "",
            "hs_old_id": 29,
            "hs_post_parent": 0,
            "hs_taxonomies": {
                "category_name": [
                    "Antiker und Vintage-Schmuck"
                ],
                "post_tag_name": []
            },
            "hs_custom_meta": "_hs_extra",
            "attachment_url": "https://pendantdemo.files.wordpress.com/2022/04/engagement-ring-on-finger.jpeg"
        }
    ],
    "menus": {
        "main": {
            "name": "Hauptgericht",
            "items": []
        },
        "primary": {
            "name": "Hauptblog",
            "items": []
        }
    },
    "images": [
        "https://pendantdemo.files.wordpress.com/2022/04/pendant_lanadevito.png",
        "https://pendantdemo.files.wordpress.com/2022/04/pendant_andrewholsen.png",
        "https://pendantdemo.files.wordpress.com/2022/04/ring.png",
        "https://pendantdemo.files.wordpress.com/2022/04/necklace_1.png",
        "https://pendantdemo.files.wordpress.com/2022/04/earrings.png",
        "https://pendantdemo.files.wordpress.com/2022/04/engagement-ring-on-finger.jpeg",
        "https://pendantdemo.files.wordpress.com/2022/04/stocksnap_3ta5332ij4-2.jpeg",
        "https://pendantdemo.files.wordpress.com/2022/04/woman-hair-face-skin-hairstyle-ear-1600848-pxhere-1.jpeg"
    ],
    "meta": {
        "blog_id": 204974443,
        "url": "https://pendantdemo.wordpress.com",
        "update_date": "28. Juni 2022, 22:17",
        "update_timestamp": 1656454648
    }
}