{
    "settings": {
        "options": {
            "show_on_front": "posts",
            "featured-content": {
                "tag-id": 35890,
                "tag-name": "featured",
                "hide-tag": 0,
                "show-all": 1
            },
            "jetpack_global_styles": false
        },
        "theme_mods": {
            "0": false,
            "nav_menu_locations": [],
            "custom_css_post_id": -1
        },
        "headstart": {
            "mapped_id_options": [],
            "mapped_id_theme_mods": [],
            "keep_submenu_items": true
        }
    },
    "widgets": [],
    "content": [
        {
            "post_type": "post",
            "post_title": "Q&amp;A with Andrew Holsen, hand maker",
            "post_content": "<!-- wp:paragraph -->\n<p>Andrew is a jewellery hand maker from California. His passion for the craft times back to his early days in her grandmother\u2019s bedroom. He used to dress up with big, heavy earrings and pretend to be a grown up.<\/p>\n<!-- \/wp:paragraph -->\n\n<!-- wp:heading {\"level\":4} -->\n<h4>How is your process of creation?<\/h4>\n<!-- \/wp:heading -->\n\n<!-- wp:paragraph -->\n<p>I usually start with the moodboarding and conceptualisation of a new collection. Usually that begins way earlier when I start taking photographs and sketching silly ideas for shapes.<\/p>\n<!-- \/wp:paragraph -->\n\n<!-- wp:heading {\"level\":4} -->\n<h4>What inspires you?<\/h4>\n<!-- \/wp:heading -->\n\n<!-- wp:paragraph -->\n<p>The Earth is my biggest inspiration and influence. I like to visit crystal stores, vintage bazars and be inspired with the beauty of raw stones.<\/p>\n<!-- \/wp:paragraph -->",
            "post_name": "qa-with-andrew-holsen-hand-maker",
            "post_excerpt": "",
            "menu_order": 0,
            "post_status": "publish",
            "comment_status": "closed",
            "ping_status": "closed",
            "_starter_page_template": "",
            "hs_old_id": 74,
            "hs_post_parent": 0,
            "hs_taxonomies": {
                "category_name": [
                    "Interviews"
                ],
                "post_tag_name": []
            },
            "hs_custom_meta": "_hs_extra",
            "attachment_url": "https:\/\/pendantdemo.files.wordpress.com\/2022\/04\/pendant_andrewholsen.png"
        },
        {
            "post_type": "post",
            "post_title": "Q&amp;A with Lana DeVito, Jewellery Designer",
            "post_content": "<!-- wp:paragraph -->\n<p>Lana DeVito is a jewellery designer from Boston, MA. Her passion for the craft times back to her early days in her grandmother's bedroom. She used to dress up with big, heavy earrings and pretend to be a grown up.<\/p>\n<!-- \/wp:paragraph -->\n\n<!-- wp:heading {\"level\":4} -->\n<h4>How is your process of creation?<\/h4>\n<!-- \/wp:heading -->\n\n<!-- wp:paragraph -->\n<p>I usually start with the moodboarding and conceptualisation of a new collection. Usually that begins way earlier when I start taking photographs and sketching silly ideas for shapes.<\/p>\n<!-- \/wp:paragraph -->\n\n<!-- wp:heading {\"level\":4} -->\n<h4>What inspires you?<\/h4>\n<!-- \/wp:heading -->\n\n<!-- wp:paragraph -->\n<p>The Earth is my biggest inspiration and influence. I like to visit crystal stores, vintage bazars and be inspired with the beauty of raw stones.<\/p>\n<!-- \/wp:paragraph -->",
            "post_name": "qa-with-lana-devito-jewellery-designer",
            "post_excerpt": "",
            "menu_order": 0,
            "post_status": "publish",
            "comment_status": "closed",
            "ping_status": "closed",
            "_starter_page_template": "",
            "hs_old_id": 59,
            "hs_post_parent": 0,
            "hs_taxonomies": {
                "category_name": [
                    "Interviews"
                ],
                "post_tag_name": []
            },
            "hs_custom_meta": "_hs_extra",
            "attachment_url": "https:\/\/pendantdemo.files.wordpress.com\/2022\/04\/pendant_lanadevito.png"
        },
        {
            "post_type": "page",
            "post_title": "About",
            "post_content": "<!-- wp:group {\"align\":\"full\",\"style\":{\"spacing\":{\"margin\":{\"top\":\"0px\"},\"padding\":{\"top\":\"40px\",\"bottom\":\"50px\"}}},\"backgroundColor\":\"foreground\",\"textColor\":\"background\",\"layout\":{\"inherit\":true}} -->\n<div class=\"wp-block-group alignfull has-background-color has-foreground-background-color has-text-color has-background\" style=\"margin-top:0;padding-top:40px;padding-bottom:50px;\"><!-- wp:columns {\"align\":\"wide\"} -->\n<div class=\"wp-block-columns alignwide\"><!-- wp:column {\"width\":\"42%\"} -->\n<div class=\"wp-block-column\" style=\"flex-basis:42%;\"><!-- wp:heading {\"level\":1,\"align\":\"wide\"} -->\n<h1 class=\"alignwide\">About<\/h1>\n<!-- \/wp:heading --><\/div>\n<!-- \/wp:column -->\n\n<!-- wp:column -->\n<div class=\"wp-block-column\"><!-- wp:image {\"sizeSlug\":\"full\",\"linkDestination\":\"none\"} -->\n<figure class=\"wp-block-image size-full\"><img src=\"https:\/\/s0.wp.com\/wp-content\/themes\/pub\/pendant\/assets\/images\/person-in-dress-at-shore.jpg\" alt=\"\" \/><\/figure>\n<!-- \/wp:image -->\n\n<!-- wp:heading {\"level\":4} -->\n<h4>Mia Moore, Jewelry lover<\/h4>\n<!-- \/wp:heading -->\n\n<!-- wp:paragraph -->\n<p><em>\u201cThe more I learn about jewelry and dive into its history, the more I love it. Getting to know the meanings behind objects in particular moments in time, how they translated into status, wealth or power. Jewelry has always been a way to communicate and distinguish and with the evolution of society, it turned into another way of expression, like clothing. I\u2019m passionate about how we use it to express who we really are.\u201d<\/em><\/p>\n<!-- \/wp:paragraph --><\/div>\n<!-- \/wp:column --><\/div>\n<!-- \/wp:columns -->\n\n<!-- wp:spacer {\"height\":\"40px\"} -->\n<div style=\"height:40px;\" aria-hidden=\"true\" class=\"wp-block-spacer\"><\/div>\n<!-- \/wp:spacer --><\/div>\n<!-- \/wp:group -->\n\n<!-- wp:group {\"style\":{\"spacing\":{\"padding\":{\"top\":\"100px\",\"bottom\":\"100px\"}}}} -->\n<div class=\"wp-block-group\" style=\"padding-top:100px;padding-bottom:100px;\"><!-- wp:heading {\"level\":3,\"style\":{\"typography\":{\"lineHeight\":1.4}}} -->\n<h3 style=\"line-height:1.4;\">Mia founded the blog with a group of people that shared the same passion for jewelry, its history and handcraft.<\/h3>\n<!-- \/wp:heading --><\/div>\n<!-- \/wp:group -->\n\n<!-- wp:media-text {\"align\":\"full\",\"mediaLink\":\"https:\/\/s0.wp.com\/wp-content\/themes\/pub\/pendant\/assets\/images\/person-with-shadow-on-wall.jpeg\",\"mediaType\":\"image\",\"mediaWidth\":40,\"mediaSizeSlug\":\"full\",\"style\":{\"color\":{\"background\":\"#a19982\"}},\"className\":\"is-vertically-aligned-center\"} -->\n<div class=\"wp-block-media-text alignfull is-stacked-on-mobile is-vertically-aligned-center has-background\" style=\"background-color:#a19982;grid-template-columns:40% auto;\"><figure class=\"wp-block-media-text__media\"><img src=\"https:\/\/s0.wp.com\/wp-content\/themes\/pub\/pendant\/assets\/images\/person-with-shadow-on-wall.jpeg\" alt=\"\" \/><\/figure><div class=\"wp-block-media-text__content\"><!-- wp:group {\"style\":{\"spacing\":{\"padding\":{\"top\":\"30px\",\"right\":\"30px\",\"bottom\":\"40px\",\"left\":\"30px\"}}}} -->\n<div class=\"wp-block-group\" style=\"padding-top:30px;padding-right:30px;padding-bottom:40px;padding-left:30px;\"><!-- wp:quote {\"className\":\"is-style-plain\"} -->\n<blockquote class=\"wp-block-quote is-style-plain\"><p>\n\"We\u2019re very lucky to be able to write about our passion and interview those whose work we admire.\"<\/p><cite>Marie, editor for PNDNT<\/cite><\/blockquote>\n<!-- \/wp:quote --><\/div>\n<!-- \/wp:group --><\/div><\/div>\n<!-- \/wp:media-text -->\n\n<!-- wp:group {\"align\":\"wide\",\"style\":{\"spacing\":{\"padding\":{\"top\":\"5vw\",\"bottom\":\"5vw\"}}},\"layout\":{\"inherit\":true}} -->\n<div class=\"wp-block-group alignwide\" style=\"padding-top:5vw;padding-bottom:5vw;\"><!-- wp:columns {\"align\":\"wide\"} -->\n<div class=\"wp-block-columns alignwide\"><!-- wp:column {\"verticalAlignment\":\"top\",\"width\":\"25%\",\"style\":{\"spacing\":{\"padding\":{\"top\":\"7vw\"}}}} -->\n<div class=\"wp-block-column is-vertically-aligned-top\" style=\"padding-top:7vw;flex-basis:25%;\"><!-- wp:heading {\"level\":3} -->\n<h3>The Team<\/h3>\n<!-- \/wp:heading --><\/div>\n<!-- \/wp:column -->\n\n<!-- wp:column {\"verticalAlignment\":\"top\"} -->\n<div class=\"wp-block-column is-vertically-aligned-top\"><!-- wp:group {\"style\":{\"spacing\":{\"padding\":{\"top\":\"1.5vw\",\"bottom\":\"3vw\"}}},\"layout\":{\"type\":\"flex\",\"orientation\":\"vertical\"}} -->\n<div class=\"wp-block-group\" style=\"padding-top:1.5vw;padding-bottom:3vw;\"><!-- wp:image {\"sizeSlug\":\"full\",\"linkDestination\":\"none\",\"className\":\"is-resized is-style-default\"} -->\n<figure class=\"wp-block-image size-full is-resized is-style-default\"><img src=\"https:\/\/s0.wp.com\/wp-content\/themes\/pub\/pendant\/assets\/images\/smiling-woman-1.jpeg\" alt=\"\" \/><\/figure>\n<!-- \/wp:image -->\n\n<!-- wp:group {\"style\":{\"spacing\":{\"blockGap\":\"0px\"}},\"layout\":{\"type\":\"flex\",\"orientation\":\"vertical\"}} -->\n<div class=\"wp-block-group\"><!-- wp:paragraph -->\n<p><strong>Marie<\/strong><\/p>\n<!-- \/wp:paragraph -->\n\n<!-- wp:paragraph -->\n<p><em>Editor &amp; Jeweler<\/em><\/p>\n<!-- \/wp:paragraph --><\/div>\n<!-- \/wp:group --><\/div>\n<!-- \/wp:group -->\n\n<!-- wp:group {\"style\":{\"spacing\":{\"padding\":{\"top\":\"1.5vw\",\"bottom\":\"3vw\"}}},\"layout\":{\"type\":\"flex\",\"orientation\":\"vertical\"}} -->\n<div class=\"wp-block-group\" style=\"padding-top:1.5vw;padding-bottom:3vw;\"><!-- wp:image {\"sizeSlug\":\"full\",\"linkDestination\":\"none\",\"className\":\"is-resized is-style-default\"} -->\n<figure class=\"wp-block-image size-full is-resized is-style-default\"><img src=\"https:\/\/s0.wp.com\/wp-content\/themes\/pub\/pendant\/assets\/images\/smiling-woman-3.jpeg\" alt=\"\" \/><\/figure>\n<!-- \/wp:image -->\n\n<!-- wp:group {\"style\":{\"spacing\":{\"blockGap\":\"0px\"}},\"layout\":{\"type\":\"flex\",\"orientation\":\"vertical\"}} -->\n<div class=\"wp-block-group\"><!-- wp:paragraph -->\n<p><strong>Sandra<\/strong><\/p>\n<!-- \/wp:paragraph -->\n\n<!-- wp:paragraph -->\n<p><em>Writer, Editor &amp; Jewelry Designer<\/em><\/p>\n<!-- \/wp:paragraph --><\/div>\n<!-- \/wp:group --><\/div>\n<!-- \/wp:group --><\/div>\n<!-- \/wp:column -->\n\n<!-- wp:column {\"verticalAlignment\":\"top\"} -->\n<div class=\"wp-block-column is-vertically-aligned-top\"><!-- wp:group {\"style\":{\"spacing\":{\"padding\":{\"top\":\"1.5vw\",\"bottom\":\"3vw\"}}},\"layout\":{\"type\":\"flex\",\"orientation\":\"vertical\"}} -->\n<div class=\"wp-block-group\" style=\"padding-top:1.5vw;padding-bottom:3vw;\"><!-- wp:image {\"sizeSlug\":\"full\",\"linkDestination\":\"none\",\"className\":\"is-resized is-style-default\"} -->\n<figure class=\"wp-block-image size-full is-resized is-style-default\"><img src=\"https:\/\/s0.wp.com\/wp-content\/themes\/pub\/pendant\/assets\/images\/smiling-woman-2.jpeg\" alt=\"\" \/><\/figure>\n<!-- \/wp:image -->\n\n<!-- wp:group {\"style\":{\"spacing\":{\"blockGap\":\"0px\"}},\"layout\":{\"type\":\"flex\",\"orientation\":\"vertical\"}} -->\n<div class=\"wp-block-group\"><!-- wp:paragraph -->\n<p><strong>Tanya<\/strong><\/p>\n<!-- \/wp:paragraph -->\n\n<!-- wp:paragraph -->\n<p><em>Editor &amp; Public Relations<\/em><\/p>\n<!-- \/wp:paragraph --><\/div>\n<!-- \/wp:group --><\/div>\n<!-- \/wp:group -->\n\n<!-- wp:group {\"style\":{\"spacing\":{\"padding\":{\"top\":\"1.5vw\",\"bottom\":\"3vw\"}}},\"layout\":{\"type\":\"flex\",\"orientation\":\"vertical\"}} -->\n<div class=\"wp-block-group\" style=\"padding-top:1.5vw;padding-bottom:3vw;\"><!-- wp:image {\"sizeSlug\":\"full\",\"linkDestination\":\"none\",\"className\":\"is-resized is-style-default\"} -->\n<figure class=\"wp-block-image size-full is-resized is-style-default\"><img src=\"https:\/\/s0.wp.com\/wp-content\/themes\/pub\/pendant\/assets\/images\/man-with-backward-cap.jpeg\" alt=\"\" \/><\/figure>\n<!-- \/wp:image -->\n\n<!-- wp:group {\"style\":{\"spacing\":{\"blockGap\":\"0px\"}},\"layout\":{\"type\":\"flex\",\"orientation\":\"vertical\"}} -->\n<div class=\"wp-block-group\"><!-- wp:paragraph -->\n<p><strong>Ryan<\/strong><\/p>\n<!-- \/wp:paragraph -->\n\n<!-- wp:paragraph -->\n<p><em>Marketing &amp; Social Media<\/em><\/p>\n<!-- \/wp:paragraph --><\/div>\n<!-- \/wp:group --><\/div>\n<!-- \/wp:group --><\/div>\n<!-- \/wp:column --><\/div>\n<!-- \/wp:columns --><\/div>\n<!-- \/wp:group -->",
            "post_name": "about",
            "post_excerpt": "",
            "menu_order": 0,
            "post_status": "publish",
            "comment_status": "closed",
            "ping_status": "closed",
            "_starter_page_template": "blank",
            "hs_old_id": 23,
            "hs_post_parent": 0,
            "hs_taxonomies": [],
            "hs_custom_meta": "_hs_extra",
            "page_template": "header-footer-only"
        },
        {
            "post_type": "post",
            "post_title": "Greek Inspirations",
            "post_content": "<!-- wp:paragraph -->\n<p>Before dealing with Greek jewellery of the classic period some reference must be made to the primitive and archaic ornaments that preceded it. The period and phase of Greek culture to which the primitive ornaments belong is known widely as \"Mycen\u00e6an\"\u2014a title it owes to the discoveries made at Mycen\u00e6, where in 1876 Schliemann brought to light the famous gold treasure now preserved in the National Museum at Athens. <\/p>\n<!-- \/wp:paragraph -->\n\n<!-- wp:paragraph -->\n<p>A characteristic motive of the decoration of these objects is the use of spiral patterns almost identical with those employed on Celtic ornaments. Besides these and other primitive exhibitions of decorative skill, we find representations of naturalistic animal forms, such as cuttlefish, starfish, butterflies, and other creatures. <\/p>\n<!-- \/wp:paragraph -->\n\n<!-- wp:paragraph -->\n<p>These are displayed in repouss\u00e9 patterns worked in low relief. Among the most notable objects are a number of gold crowns usually in the form of elongated oval plates ornamented with fine work chiefly in the shape of rosettes and spirals.<\/p>\n<!-- \/wp:paragraph -->\n\n<!-- wp:heading {\"level\":3} -->\n<h3>The Goddess Fashion<\/h3>\n<!-- \/wp:heading -->\n\n<!-- wp:group -->\n<div class=\"wp-block-group\"><!-- wp:image {\"align\":\"left\",\"id\":13,\"sizeSlug\":\"large\",\"linkDestination\":\"none\"} -->\n<figure class=\"wp-block-image alignleft size-large\"><img src=\"https:\/\/pendantdemo.files.wordpress.com\/2022\/04\/stocksnap_3ta5332ij4-2.jpeg?w=399\" alt=\"\" class=\"wp-image-13\" \/><\/figure>\n<!-- \/wp:image -->\n\n<!-- wp:paragraph -->\n<p>Mourning jewellery was usually set with pearls, garnets, or more often jet. The last, until a short while ago, was in universal favour, and was fashioned into all sorts of ornaments. It fortunately now meets with but little demand. <\/p>\n<!-- \/wp:paragraph -->\n\n<!-- wp:paragraph -->\n<p>The custom of wearing ornaments composed of such sombre and unpleasing material has now to all intents and purposes ceased, though it is carried on to a certain extent in France, where ouvrages en cheveux in the form of bracelets and lockets are still worn as pr\u00e9cieux souvenirs de famille. <\/p>\n<!-- \/wp:paragraph -->\n\n<!-- wp:paragraph -->\n<p>After the middle of the nineteenth century the use of mourning rings and other memorial jewellery began to die out.<\/p>\n<!-- \/wp:paragraph -->\n\n<!-- wp:paragraph -->\n<p>The goddess Fashion, who throughout all ages has waged war on the productions of the goldsmith, has laid a heavier hand on these than on any other forms of personal ornament\u2014a circumstance which accounts for the survival at the present day of a comparatively small proportion of the enormous quantity of objects of this description that must formerly have been produced.&nbsp;<\/p>\n<!-- \/wp:paragraph --><\/div>\n<!-- \/wp:group -->\n\n<!-- wp:group {\"align\":\"full\",\"backgroundColor\":\"tertiary\",\"layout\":{\"inherit\":true}} -->\n<div class=\"wp-block-group alignfull has-tertiary-background-color has-background\"><!-- wp:quote {\"align\":\"center\",\"className\":\"is-style-plain\"} -->\n<blockquote class=\"wp-block-quote has-text-align-center is-style-plain\"><p>\"Of earrings, on the other hand, a considerable number of examples have survived. French and English portraits show at first only a large pear-shaped pearl in each ear.\"<\/p><cite>In \"Jewellery\" by H. Clifford Smith<\/cite><\/blockquote>\n<!-- \/wp:quote --><\/div>\n<!-- \/wp:group -->\n\n<!-- wp:paragraph -->\n<p>Most families from time to time have consigned to the melting-pot accumulations of these memorials of their predecessors; and those who have been long in the jeweller's business confess to the hundreds of such relics that they have broken up. It is to be hoped that the present-day revival may lead to the preservation of what remain of these quaint mementoes of our frail mortality.<\/p>\n<!-- \/wp:paragraph -->",
            "post_name": "greek-inspirations",
            "post_excerpt": "The goddess Fashion, who throughout all ages has waged war on the productions of the goldsmith, has laid a heavier hand on these than on any other forms of personal ornament.",
            "menu_order": 0,
            "post_status": "publish",
            "comment_status": "closed",
            "ping_status": "closed",
            "_starter_page_template": "",
            "hs_old_id": 9,
            "hs_post_parent": 0,
            "hs_taxonomies": {
                "category_name": [
                    "Antique &amp; Vintage Jewelry",
                    "Bracelets",
                    "Museum Collections",
                    "Pendants"
                ],
                "post_tag_name": []
            },
            "hs_custom_meta": "_hs_extra",
            "attachment_url": "https:\/\/pendantdemo.files.wordpress.com\/2022\/04\/woman-hair-face-skin-hairstyle-ear-1600848-pxhere-1.jpeg"
        },
        {
            "post_type": "post",
            "post_title": "Timeless Jewelry Pieces",
            "post_content": "<!-- wp:paragraph -->\n<p> An engagement ring, a pair of cufflinks, or a simple pin for the dress was uncommon in antiquity, and its general use for this purpose belongs to comparatively recent times.<\/p>\n<!-- \/wp:paragraph -->",
            "post_name": "timeless-jewelry-pieces",
            "post_excerpt": "",
            "menu_order": 0,
            "post_status": "publish",
            "comment_status": "closed",
            "ping_status": "closed",
            "_starter_page_template": "",
            "hs_old_id": 29,
            "hs_post_parent": 0,
            "hs_taxonomies": {
                "category_name": [
                    "Antique &amp; Vintage Jewelry"
                ],
                "post_tag_name": []
            },
            "hs_custom_meta": "_hs_extra",
            "attachment_url": "https:\/\/pendantdemo.files.wordpress.com\/2022\/04\/engagement-ring-on-finger.jpeg"
        }
    ],
    "images": [
        "https:\/\/pendantdemo.files.wordpress.com\/2022\/04\/pendant_lanadevito.png",
        "https:\/\/pendantdemo.files.wordpress.com\/2022\/04\/pendant_andrewholsen.png",
        "https:\/\/pendantdemo.files.wordpress.com\/2022\/04\/ring.png",
        "https:\/\/pendantdemo.files.wordpress.com\/2022\/04\/necklace_1.png",
        "https:\/\/pendantdemo.files.wordpress.com\/2022\/04\/earrings.png",
        "https:\/\/pendantdemo.files.wordpress.com\/2022\/04\/engagement-ring-on-finger.jpeg",
        "https:\/\/pendantdemo.files.wordpress.com\/2022\/04\/stocksnap_3ta5332ij4-2.jpeg",
        "https:\/\/pendantdemo.files.wordpress.com\/2022\/04\/woman-hair-face-skin-hairstyle-ear-1600848-pxhere-1.jpeg"
    ],
    "meta": {
        "blog_id": 204974443,
        "url": "https:\/\/pendantdemo.wordpress.com",
        "update_date": "June 28, 2022, 10:17 pm",
        "update_timestamp": 1656454648
    }
}
