{
    "settings": {
        "options": {
            "show_on_front": "posts",
            "featured-content": {
                "tag-id": 35890,
                "tag-name": "featured",
                "hide-tag": 0,
                "show-all": 1
            },
            "jetpack_global_styles": false
        },
        "theme_mods": {
            "0": false,
            "nav_menu_locations": [],
            "custom_css_post_id": -1
        },
        "headstart": {
            "mapped_id_options": [],
            "mapped_id_theme_mods": [],
            "keep_submenu_items": true
        }
    },
    "widgets": [],
    "content": [
        {
            "post_type": "post",
            "post_title": "Entretien questions-réponses avec Andrew, artisan bijoutier",
            "post_content": "<!-- wp:paragraph -->\n<p>Andrew est un artisan bijoutier de Californie. Sa passion pour la joaillerie remonte à son enfance, dans la chambre de sa grand-mère. Il s’amusait à porter d’énormes boucles d’oreilles en faisant semblant d’être un adulte.</p>\n<!-- /wp:paragraph -->\n\n<!-- wp:heading {\"level\":4} -->\n<h4>Quelles sont les étapes de votre processus de création ?</h4>\n<!-- /wp:heading -->\n\n<!-- wp:paragraph -->\n<p>Je commence généralement par dégager les tendances d’une nouvelle collection, puis je la conceptualise. En général, cette étape se produit bien plus tôt, lorsque je commence à prendre des photos et à esquisser des formes diverses.</p>\n<!-- /wp:paragraph -->\n\n<!-- wp:heading {\"level\":4} -->\n<h4>Quelle est votre source d’inspiration ?</h4>\n<!-- /wp:heading -->\n\n<!-- wp:paragraph -->\n<p>La Terre est ma principale source d’inspiration et d’influence. J’adore aller dans les boutiques d’objets en cristal, les magasins vintage et m’inspirer de la beauté des pierres brutes.</p>\n<!-- /wp:paragraph -->",
            "post_name": "qa-with-andrew-holsen-hand-maker",
            "post_excerpt": "",
            "menu_order": 0,
            "post_status": "publish",
            "comment_status": "closed",
            "ping_status": "closed",
            "_starter_page_template": "",
            "hs_old_id": 74,
            "hs_post_parent": 0,
            "hs_taxonomies": {
                "category_name": [
                    "Entretiens"
                ],
                "post_tag_name": []
            },
            "hs_custom_meta": "_hs_extra",
            "attachment_url": "https://pendantdemo.files.wordpress.com/2022/04/pendant_andrewholsen.png"
        },
        {
            "post_type": "post",
            "post_title": "Entretien questions-réponses avec Lana DeVito, créatrice de bijoux",
            "post_content": "<!-- wp:paragraph -->\n<p>Lana DeVito est une créatrice de bijoux de Boston, Massachusetts. Sa passion pour la joaillerie remonte à son enfance, dans la chambre de sa grand-mère. Elle s’amusait à porter d’énormes boucles d’oreilles en faisant semblant d’être une adulte.</p>\n<!-- /wp:paragraph -->\n\n<!-- wp:heading {\"level\":4} -->\n<h4>Quelles sont les étapes de votre processus de création ?</h4>\n<!-- /wp:heading -->\n\n<!-- wp:paragraph -->\n<p>Je commence généralement par dégager les tendances d’une nouvelle collection, puis je la conceptualise. En général, cette étape se produit bien plus tôt, lorsque je commence à prendre des photos et à esquisser des formes diverses.</p>\n<!-- /wp:paragraph -->\n\n<!-- wp:heading {\"level\":4} -->\n<h4>Quelle est votre source d’inspiration ?</h4>\n<!-- /wp:heading -->\n\n<!-- wp:paragraph -->\n<p>La Terre est ma principale source d’inspiration et d’influence. J’adore aller dans les boutiques d’objets en cristal, les magasins vintage et m’inspirer de la beauté des pierres brutes.</p>\n<!-- /wp:paragraph -->",
            "post_name": "qa-with-lana-devito-jewellery-designer",
            "post_excerpt": "",
            "menu_order": 0,
            "post_status": "publish",
            "comment_status": "closed",
            "ping_status": "closed",
            "_starter_page_template": "",
            "hs_old_id": 59,
            "hs_post_parent": 0,
            "hs_taxonomies": {
                "category_name": [
                    "Entretiens"
                ],
                "post_tag_name": []
            },
            "hs_custom_meta": "_hs_extra",
            "attachment_url": "https://pendantdemo.files.wordpress.com/2022/04/pendant_lanadevito.png"
        },
        {
            "post_type": "page",
            "post_title": "À propos ",
            "post_content": "<!-- wp:group {\"align\":\"full\",\"style\":{\"spacing\":{\"margin\":{\"top\":\"0px\"},\"padding\":{\"top\":\"40px\",\"bottom\":\"50px\"}}},\"backgroundColor\":\"foreground\",\"textColor\":\"background\",\"layout\":{\"inherit\":true}} -->\n<div class=\"wp-block-group alignfull has-background-color has-foreground-background-color has-text-color has-background\" style=\"margin-top:0;padding-top:40px;padding-bottom:50px;\"><!-- wp:columns {\"align\":\"wide\"} -->\n<div class=\"wp-block-columns alignwide\"><!-- wp:column {\"width\":\"42%\"} -->\n<div class=\"wp-block-column\" style=\"flex-basis:42%;\"><!-- wp:heading {\"level\":1,\"align\":\"wide\"} -->\n<h1 class=\"alignwide\">À propos </h1>\n<!-- /wp:heading --></div>\n<!-- /wp:column -->\n\n<!-- wp:column -->\n<div class=\"wp-block-column\"><!-- wp:image {\"sizeSlug\":\"full\",\"linkDestination\":\"none\"} -->\n<figure class=\"wp-block-image size-full\"><img src=\"https://s0.wp.com/wp-content/themes/pub/pendant/assets/images/person-in-dress-at-shore.jpg\" alt=\"\" /></figure>\n<!-- /wp:image -->\n\n<!-- wp:heading {\"level\":4} -->\n<h4>Mia Moore, passionnée de bijouterie</h4>\n<!-- /wp:heading -->\n\n<!-- wp:paragraph -->\n<p><em>« Plus j’en apprends sur la bijouterie et son histoire, plus cela me passionne. J’aime découvrir la signification des objets à des moments précis de l’Histoire, et ce qu’ils disaient du statut, de la richesse ou du pouvoir de ceux qui les portaient. Les bijoux ont toujours été un moyen de communiquer et de se distinguer. Au gré de l’évolution de la société, ils sont devenus un autre moyen d’expression, au même titre que les vêtements. Je suis fascinée par la façon dont nous les portons pour faire savoir qui nous sommes vraiment. »</em></p>\n<!-- /wp:paragraph --></div>\n<!-- /wp:column --></div>\n<!-- /wp:columns -->\n\n<!-- wp:spacer {\"height\":\"40px\"} -->\n<div style=\"height:40px;\" aria-hidden=\"true\" class=\"wp-block-spacer\"></div>\n<!-- /wp:spacer --></div>\n<!-- /wp:group -->\n\n<!-- wp:group {\"style\":{\"spacing\":{\"padding\":{\"top\":\"100px\",\"bottom\":\"100px\"}}}} -->\n<div class=\"wp-block-group\" style=\"padding-top:100px;padding-bottom:100px;\"><!-- wp:heading {\"level\":3,\"style\":{\"typography\":{\"lineHeight\":1.4}}} -->\n<h3 style=\"line-height:1.4;\">Mia a créé le blog avec une poignée de personnes qui partageaient la même passion pour la bijouterie, son histoire et son savoir-faire.</h3>\n<!-- /wp:heading --></div>\n<!-- /wp:group -->\n\n<!-- wp:media-text {\"align\":\"full\",\"mediaLink\":\"https://s0.wp.com/wp-content/themes/pub/pendant/assets/images/person-with-shadow-on-wall.jpeg\",\"mediaType\":\"image\",\"mediaWidth\":40,\"mediaSizeSlug\":\"full\",\"style\":{\"color\":{\"background\":\"#a19982\"}},\"className\":\"is-vertically-aligned-center\"} -->\n<div class=\"wp-block-media-text alignfull is-stacked-on-mobile is-vertically-aligned-center has-background\" style=\"background-color:#a19982;grid-template-columns:40% auto;\"><figure class=\"wp-block-media-text__media\"><img src=\"https://s0.wp.com/wp-content/themes/pub/pendant/assets/images/person-with-shadow-on-wall.jpeg\" alt=\"\" /></figure><div class=\"wp-block-media-text__content\"><!-- wp:group {\"style\":{\"spacing\":{\"padding\":{\"top\":\"30px\",\"right\":\"30px\",\"bottom\":\"40px\",\"left\":\"30px\"}}}} -->\n<div class=\"wp-block-group\" style=\"padding-top:30px;padding-right:30px;padding-bottom:40px;padding-left:30px;\"><!-- wp:quote {\"className\":\"is-style-plain\"} -->\n<blockquote class=\"wp-block-quote is-style-plain\"><p>\n« Nous avons beaucoup de chance de pouvoir écrire sur notre passion et de nous entretenir avec ceux dont nous admirons le travail. »</p><cite>Marie, rédactrice pour PNDNT</cite></blockquote>\n<!-- /wp:quote --></div>\n<!-- /wp:group --></div></div>\n<!-- /wp:media-text -->\n\n<!-- wp:group {\"align\":\"wide\",\"style\":{\"spacing\":{\"padding\":{\"top\":\"5vw\",\"bottom\":\"5vw\"}}},\"layout\":{\"inherit\":true}} -->\n<div class=\"wp-block-group alignwide\" style=\"padding-top:5vw;padding-bottom:5vw;\"><!-- wp:columns {\"align\":\"wide\"} -->\n<div class=\"wp-block-columns alignwide\"><!-- wp:column {\"verticalAlignment\":\"top\",\"width\":\"25%\",\"style\":{\"spacing\":{\"padding\":{\"top\":\"7vw\"}}}} -->\n<div class=\"wp-block-column is-vertically-aligned-top\" style=\"padding-top:7vw;flex-basis:25%;\"><!-- wp:heading {\"level\":3} -->\n<h3>L’équipe de </h3>\n<!-- /wp:heading --></div>\n<!-- /wp:column -->\n\n<!-- wp:column {\"verticalAlignment\":\"top\"} -->\n<div class=\"wp-block-column is-vertically-aligned-top\"><!-- wp:group {\"style\":{\"spacing\":{\"padding\":{\"top\":\"1.5vw\",\"bottom\":\"3vw\"}}},\"layout\":{\"type\":\"flex\",\"orientation\":\"vertical\"}} -->\n<div class=\"wp-block-group\" style=\"padding-top:1.5vw;padding-bottom:3vw;\"><!-- wp:image {\"sizeSlug\":\"full\",\"linkDestination\":\"none\",\"className\":\"is-resized is-style-default\"} -->\n<figure class=\"wp-block-image size-full is-resized is-style-default\"><img src=\"https://s0.wp.com/wp-content/themes/pub/pendant/assets/images/smiling-woman-1.jpeg\" alt=\"\" /></figure>\n<!-- /wp:image -->\n\n<!-- wp:group {\"style\":{\"spacing\":{\"blockGap\":\"0px\"}},\"layout\":{\"type\":\"flex\",\"orientation\":\"vertical\"}} -->\n<div class=\"wp-block-group\"><!-- wp:paragraph -->\n<p><strong>Marie</strong></p>\n<!-- /wp:paragraph -->\n\n<!-- wp:paragraph -->\n<p><em>Édition et bijouterie</em></p>\n<!-- /wp:paragraph --></div>\n<!-- /wp:group --></div>\n<!-- /wp:group -->\n\n<!-- wp:group {\"style\":{\"spacing\":{\"padding\":{\"top\":\"1.5vw\",\"bottom\":\"3vw\"}}},\"layout\":{\"type\":\"flex\",\"orientation\":\"vertical\"}} -->\n<div class=\"wp-block-group\" style=\"padding-top:1.5vw;padding-bottom:3vw;\"><!-- wp:image {\"sizeSlug\":\"full\",\"linkDestination\":\"none\",\"className\":\"is-resized is-style-default\"} -->\n<figure class=\"wp-block-image size-full is-resized is-style-default\"><img src=\"https://s0.wp.com/wp-content/themes/pub/pendant/assets/images/smiling-woman-3.jpeg\" alt=\"\" /></figure>\n<!-- /wp:image -->\n\n<!-- wp:group {\"style\":{\"spacing\":{\"blockGap\":\"0px\"}},\"layout\":{\"type\":\"flex\",\"orientation\":\"vertical\"}} -->\n<div class=\"wp-block-group\"><!-- wp:paragraph -->\n<p><strong>Sandra</strong></p>\n<!-- /wp:paragraph -->\n\n<!-- wp:paragraph -->\n<p><em>Rédaction, édition et création de bijoux</em></p>\n<!-- /wp:paragraph --></div>\n<!-- /wp:group --></div>\n<!-- /wp:group --></div>\n<!-- /wp:column -->\n\n<!-- wp:column {\"verticalAlignment\":\"top\"} -->\n<div class=\"wp-block-column is-vertically-aligned-top\"><!-- wp:group {\"style\":{\"spacing\":{\"padding\":{\"top\":\"1.5vw\",\"bottom\":\"3vw\"}}},\"layout\":{\"type\":\"flex\",\"orientation\":\"vertical\"}} -->\n<div class=\"wp-block-group\" style=\"padding-top:1.5vw;padding-bottom:3vw;\"><!-- wp:image {\"sizeSlug\":\"full\",\"linkDestination\":\"none\",\"className\":\"is-resized is-style-default\"} -->\n<figure class=\"wp-block-image size-full is-resized is-style-default\"><img src=\"https://s0.wp.com/wp-content/themes/pub/pendant/assets/images/smiling-woman-2.jpeg\" alt=\"\" /></figure>\n<!-- /wp:image -->\n\n<!-- wp:group {\"style\":{\"spacing\":{\"blockGap\":\"0px\"}},\"layout\":{\"type\":\"flex\",\"orientation\":\"vertical\"}} -->\n<div class=\"wp-block-group\"><!-- wp:paragraph -->\n<p><strong>Tanya</strong></p>\n<!-- /wp:paragraph -->\n\n<!-- wp:paragraph -->\n<p><em>Édition et Relations publiques</em></p>\n<!-- /wp:paragraph --></div>\n<!-- /wp:group --></div>\n<!-- /wp:group -->\n\n<!-- wp:group {\"style\":{\"spacing\":{\"padding\":{\"top\":\"1.5vw\",\"bottom\":\"3vw\"}}},\"layout\":{\"type\":\"flex\",\"orientation\":\"vertical\"}} -->\n<div class=\"wp-block-group\" style=\"padding-top:1.5vw;padding-bottom:3vw;\"><!-- wp:image {\"sizeSlug\":\"full\",\"linkDestination\":\"none\",\"className\":\"is-resized is-style-default\"} -->\n<figure class=\"wp-block-image size-full is-resized is-style-default\"><img src=\"https://s0.wp.com/wp-content/themes/pub/pendant/assets/images/man-with-backward-cap.jpeg\" alt=\"\" /></figure>\n<!-- /wp:image -->\n\n<!-- wp:group {\"style\":{\"spacing\":{\"blockGap\":\"0px\"}},\"layout\":{\"type\":\"flex\",\"orientation\":\"vertical\"}} -->\n<div class=\"wp-block-group\"><!-- wp:paragraph -->\n<p><strong>Ryan</strong></p>\n<!-- /wp:paragraph -->\n\n<!-- wp:paragraph -->\n<p><em>Marketing et réseaux sociaux</em></p>\n<!-- /wp:paragraph --></div>\n<!-- /wp:group --></div>\n<!-- /wp:group --></div>\n<!-- /wp:column --></div>\n<!-- /wp:columns --></div>\n<!-- /wp:group -->",
            "post_name": "about",
            "post_excerpt": "",
            "menu_order": 0,
            "post_status": "publish",
            "comment_status": "closed",
            "ping_status": "closed",
            "_starter_page_template": "blank",
            "hs_old_id": 23,
            "hs_post_parent": 0,
            "hs_taxonomies": [],
            "hs_custom_meta": "_hs_extra",
            "page_template": "header-footer-only"
        },
        {
            "post_type": "post",
            "post_title": "Inspirations grecques",
            "post_content": "<!-- wp:paragraph -->\n<p>Avant d’aborder la bijouterie grecque de la période classique, il convient de faire référence aux ornements primitifs et archaïques qui l’ont précédée. La période et la phase de la culture grecque à laquelle appartiennent les ornements primitifs sont connues sous le nom de « mycéniennes ». Elles doivent ce titre aux découvertes faites à Mycènes, où Heinrich Schliemann a mis au jour le célèbre Trésor de Priam en 1876, aujourd’hui conservé au Musée national d’Athènes. </p>\n<!-- /wp:paragraph -->\n\n<!-- wp:paragraph -->\n<p>Une caractéristique de la décoration de ces objets est l’utilisation de motifs en spirale presque identiques à ceux présents sur les ornements celtiques. Outre ces objets et d’autres manifestations primitives de techniques décoratives, on compte d’autres représentations naturelles de formes animales, telles que des seiches, des étoiles de mer, des papillons et d’autres créatures. </p>\n<!-- /wp:paragraph -->\n\n<!-- wp:paragraph -->\n<p>Ils sont représentés à l’aide de la technique du repoussé travaillé en bas-relief. Parmi les objets les plus remarquables, figurent un certain nombre de couronnes en or, généralement sous la forme de plaques ovales allongées, ornées d’un travail ouvragé de rosettes et de spirales.</p>\n<!-- /wp:paragraph -->\n\n<!-- wp:heading {\"level\":3} -->\n<h3>La déesse de la mode</h3>\n<!-- /wp:heading -->\n\n<!-- wp:group -->\n<div class=\"wp-block-group\"><!-- wp:image {\"align\":\"left\",\"id\":13,\"sizeSlug\":\"large\",\"linkDestination\":\"none\"} -->\n<figure class=\"wp-block-image alignleft size-large\"><img src=\"https://pendantdemo.files.wordpress.com/2022/04/stocksnap_3ta5332ij4-2.jpeg?w=399\" alt=\"\" class=\"wp-image-13\" /></figure>\n<!-- /wp:image -->\n\n<!-- wp:paragraph -->\n<p>Les bijoux de deuil étaient généralement sertis de perles, de grenats, ou plus souvent de jais. Ce dernier, jusqu’à récemment, était universellement apprécié et façonné pour toutes sortes d’ornements. Heureusement, il est aujourd’hui peu demandé. </p>\n<!-- /wp:paragraph -->\n\n<!-- wp:paragraph -->\n<p>La coutume de porter des ornements composés d’un matériau aussi sombre et déplaisant a aujourd’hui pratiquement disparu, bien qu’elle se poursuive dans une certaine mesure en France, où les ouvrages en cheveux sous forme de bracelets et de médaillons sont encore portés comme de précieux souvenirs de famille. </p>\n<!-- /wp:paragraph -->\n\n<!-- wp:paragraph -->\n<p>Dès le milieu du XIXe siècle, l’utilisation des anneaux de deuil et autres bijoux commémoratifs a commencé à disparaître.</p>\n<!-- /wp:paragraph -->\n\n<!-- wp:paragraph -->\n<p>La déesse de la mode, qui à travers les âges a mis à mal les productions de l’orfèvre, a été plus dure envers celles-ci que tout autre type d’ornement personnel. Cela explique pourquoi nous n’avons retrouvé qu’une proportion relativement faible de l’énorme quantité d’objets qui ont dû être produits autrefois. </p>\n<!-- /wp:paragraph --></div>\n<!-- /wp:group -->\n\n<!-- wp:group {\"align\":\"full\",\"backgroundColor\":\"tertiary\",\"layout\":{\"inherit\":true}} -->\n<div class=\"wp-block-group alignfull has-tertiary-background-color has-background\"><!-- wp:quote {\"align\":\"center\",\"className\":\"is-style-plain\"} -->\n<blockquote class=\"wp-block-quote has-text-align-center is-style-plain\"><p>« En revanche, une quantité remarquable de boucles d’oreilles sont parvenues jusqu’à nous. Les portraits français et anglais ne montrent, d’abord, qu’une grosse perle en forme de poire pendant à chaque oreille. »</p><cite>D’après « Jewellery » de H. Clifford Smith</cite></blockquote>\n<!-- /wp:quote --></div>\n<!-- /wp:group -->\n\n<!-- wp:paragraph -->\n<p>La plupart des familles ont, de temps à autre, relégué ces nombreux objets commémoratifs de leurs aïeux au fond des tiroirs. Ceux qui travaillent depuis longtemps dans le domaine de la bijouterie avouent avoir brisé des centaines de ces reliques. Il faut espérer que le renouveau actuel permettra de préserver ce qui reste de ces souvenirs désuets, témoins de notre frêle mortalité.</p>\n<!-- /wp:paragraph -->",
            "post_name": "greek-inspirations",
            "post_excerpt": "La déesse de la mode, qui à travers les âges a mis à mal les productions de l’orfèvre, a été plus dure envers celles-ci que tout autre type d’ornement personnel.",
            "menu_order": 0,
            "post_status": "publish",
            "comment_status": "closed",
            "ping_status": "closed",
            "_starter_page_template": "",
            "hs_old_id": 9,
            "hs_post_parent": 0,
            "hs_taxonomies": {
                "category_name": [
                    "Bijoux anciens et vintage",
                    "Bracelets",
                    "Collections de musée",
                    "Colliers"
                ],
                "post_tag_name": []
            },
            "hs_custom_meta": "_hs_extra",
            "attachment_url": "https://pendantdemo.files.wordpress.com/2022/04/woman-hair-face-skin-hairstyle-ear-1600848-pxhere-1.jpeg"
        },
        {
            "post_type": "post",
            "post_title": "Bijoux intemporels",
            "post_content": "<!-- wp:paragraph -->\n<p> Dans l’Antiquité, il n’était pas courant de trouver une bague de fiançailles, une paire de boutons de manchettes ou une simple épingle de robe. L’utilisation de l’orfèvrerie pour créer ces types d’objets est relativement récente.</p>\n<!-- /wp:paragraph -->",
            "post_name": "timeless-jewelry-pieces",
            "post_excerpt": "",
            "menu_order": 0,
            "post_status": "publish",
            "comment_status": "closed",
            "ping_status": "closed",
            "_starter_page_template": "",
            "hs_old_id": 29,
            "hs_post_parent": 0,
            "hs_taxonomies": {
                "category_name": [
                    "Bijoux anciens et vintage"
                ],
                "post_tag_name": []
            },
            "hs_custom_meta": "_hs_extra",
            "attachment_url": "https://pendantdemo.files.wordpress.com/2022/04/engagement-ring-on-finger.jpeg"
        }
    ],
    "images": [
        "https://pendantdemo.files.wordpress.com/2022/04/pendant_lanadevito.png",
        "https://pendantdemo.files.wordpress.com/2022/04/pendant_andrewholsen.png",
        "https://pendantdemo.files.wordpress.com/2022/04/ring.png",
        "https://pendantdemo.files.wordpress.com/2022/04/necklace_1.png",
        "https://pendantdemo.files.wordpress.com/2022/04/earrings.png",
        "https://pendantdemo.files.wordpress.com/2022/04/engagement-ring-on-finger.jpeg",
        "https://pendantdemo.files.wordpress.com/2022/04/stocksnap_3ta5332ij4-2.jpeg",
        "https://pendantdemo.files.wordpress.com/2022/04/woman-hair-face-skin-hairstyle-ear-1600848-pxhere-1.jpeg"
    ],
    "meta": {
        "blog_id": 204974443,
        "url": "https://pendantdemo.wordpress.com",
        "update_date": "28 juin 2022, 22 h 17",
        "update_timestamp": 1656454648
    }
}