{
    "settings": {
        "options": {
            "show_on_front": "posts",
            "featured-content": {
                "tag-id": 35890,
                "tag-name": "featured",
                "hide-tag": 0,
                "show-all": 1
            },
            "jetpack_global_styles": false
        },
        "theme_mods": {
            "0": false,
            "nav_menu_locations": [],
            "custom_css_post_id": -1
        },
        "headstart": {
            "mapped_id_options": [],
            "mapped_id_theme_mods": [],
            "keep_submenu_items": true
        }
    },
    "widgets": [],
    "content": [
        {
            "post_type": "post",
            "post_title": "T&J bersama Andrew Holsen, Perajin Perhiasan",
            "post_content": "<!-- wp:paragraph -->\n<p>Andrew adalah seorang perajin perhiasan dari California. Minatnya terhadap kerajinan perhiasan muncul ketika ia yang masih kecil singgah ke kamar tidur neneknya.  Ia biasa berdandan dengan anting-anting besar yang berat, dan berpura-pura menjadi orang dewasa.</p>\n<!-- /wp:paragraph -->\n\n<!-- wp:heading {\"level\":4} -->\n<h4>Bagaiman proses penciptaan Anda?</h4>\n<!-- /wp:heading -->\n\n<!-- wp:paragraph -->\n<p>Saya biasanya mulai dengan moodboarding dan konseptualisasi koleksi baru. Biasanya dimulai lebih awal saat saya mulai mengambil gambar dan membuat sketsa ide bentuk.</p>\n<!-- /wp:paragraph -->\n\n<!-- wp:heading {\"level\":4} -->\n<h4>Apa yang menginspirasi Anda?</h4>\n<!-- /wp:heading -->\n\n<!-- wp:paragraph -->\n<p>Bumi adalah sumber inspirasi dan pengaruh terbesar saya. Saya suka mengunjungi toko kristal, bazar vintage, dan terinspirasi dengan keindahan batuan mentah.</p>\n<!-- /wp:paragraph -->",
            "post_name": "qa-with-andrew-holsen-hand-maker",
            "post_excerpt": "",
            "menu_order": 0,
            "post_status": "publish",
            "comment_status": "closed",
            "ping_status": "closed",
            "_starter_page_template": "",
            "hs_old_id": 74,
            "hs_post_parent": 0,
            "hs_taxonomies": {
                "category_name": [
                    "Wawancara"
                ],
                "post_tag_name": []
            },
            "hs_custom_meta": "_hs_extra",
            "attachment_url": "https://pendantdemo.files.wordpress.com/2022/04/pendant_andrewholsen.png"
        },
        {
            "post_type": "post",
            "post_title": "T&J bersama Lana DeVito, Perancang Perhiasan",
            "post_content": "<!-- wp:paragraph -->\n<p>Lana DeVito adalah perancang perhiasan dari Boston, MA. Minatnya terhadap kerajinan tangan bermula dari pengalamannya semasa kecil di kamar tidur neneknya. Ia biasa berdandan dengan anting-anting besar yang berat, dan berpura-pura menjadi orang dewasa.</p>\n<!-- /wp:paragraph -->\n\n<!-- wp:heading {\"level\":4} -->\n<h4>Bagaiman proses penciptaan Anda?</h4>\n<!-- /wp:heading -->\n\n<!-- wp:paragraph -->\n<p>Saya biasanya mulai dengan moodboarding dan konseptualisasi koleksi baru. Biasanya dimulai lebih awal saat saya mulai mengambil gambar dan membuat sketsa ide bentuk.</p>\n<!-- /wp:paragraph -->\n\n<!-- wp:heading {\"level\":4} -->\n<h4>Apa yang menginspirasi Anda?</h4>\n<!-- /wp:heading -->\n\n<!-- wp:paragraph -->\n<p>Bumi adalah sumber inspirasi dan pengaruh terbesar saya. Saya suka mengunjungi toko kristal, bazar vintage, dan terinspirasi dengan keindahan batuan mentah.</p>\n<!-- /wp:paragraph -->",
            "post_name": "qa-with-lana-devito-jewellery-designer",
            "post_excerpt": "",
            "menu_order": 0,
            "post_status": "publish",
            "comment_status": "closed",
            "ping_status": "closed",
            "_starter_page_template": "",
            "hs_old_id": 59,
            "hs_post_parent": 0,
            "hs_taxonomies": {
                "category_name": [
                    "Wawancara"
                ],
                "post_tag_name": []
            },
            "hs_custom_meta": "_hs_extra",
            "attachment_url": "https://pendantdemo.files.wordpress.com/2022/04/pendant_lanadevito.png"
        },
        {
            "post_type": "page",
            "post_title": "Tentang",
            "post_content": "<!-- wp:group {\"align\":\"full\",\"style\":{\"spacing\":{\"margin\":{\"top\":\"0px\"},\"padding\":{\"top\":\"40px\",\"bottom\":\"50px\"}}},\"backgroundColor\":\"foreground\",\"textColor\":\"background\",\"layout\":{\"inherit\":true}} -->\n<div class=\"wp-block-group alignfull has-background-color has-foreground-background-color has-text-color has-background\" style=\"margin-top:0;padding-top:40px;padding-bottom:50px;\"><!-- wp:columns {\"align\":\"wide\"} -->\n<div class=\"wp-block-columns alignwide\"><!-- wp:column {\"width\":\"42%\"} -->\n<div class=\"wp-block-column\" style=\"flex-basis:42%;\"><!-- wp:heading {\"level\":1,\"align\":\"wide\"} -->\n<h1 class=\"alignwide\">Tentang</h1>\n<!-- /wp:heading --></div>\n<!-- /wp:column -->\n\n<!-- wp:column -->\n<div class=\"wp-block-column\"><!-- wp:image {\"sizeSlug\":\"full\",\"linkDestination\":\"none\"} -->\n<figure class=\"wp-block-image size-full\"><img src=\"https://s0.wp.com/wp-content/themes/pub/pendant/assets/images/person-in-dress-at-shore.jpg\" alt=\"\" /></figure>\n<!-- /wp:image -->\n\n<!-- wp:heading {\"level\":4} -->\n<h4>Mia Moore, Pecinta perhiasan</h4>\n<!-- /wp:heading -->\n\n<!-- wp:paragraph -->\n<p><em>“Semakin banyak belajar tentang perhiasan dan mendalami sejarahnya, aku semakin cinta. Mengenal makna dibalik objek-objek dari periode tertentu, proses melesapnya ke dalam status, kekayaan, atau kekuasaan. Sejak dahulu, perhiasan telah menjadi cara untuk berkomunikasi dan membedakan kasta. Seiring berkembangnya masyarakat, perhiasan menjadi cara lain untuk berekspresi, seperti halnya pakaian. Saya sangat tertarik dengan cara kita menggunakan perhiasan untuk mengekspresikan diri kita sebenarnya.”</em></p>\n<!-- /wp:paragraph --></div>\n<!-- /wp:column --></div>\n<!-- /wp:columns -->\n\n<!-- wp:spacer {\"height\":\"40px\"} -->\n<div style=\"height:40px;\" aria-hidden=\"true\" class=\"wp-block-spacer\"></div>\n<!-- /wp:spacer --></div>\n<!-- /wp:group -->\n\n<!-- wp:group {\"style\":{\"spacing\":{\"padding\":{\"top\":\"100px\",\"bottom\":\"100px\"}}}} -->\n<div class=\"wp-block-group\" style=\"padding-top:100px;padding-bottom:100px;\"><!-- wp:heading {\"level\":3,\"style\":{\"typography\":{\"lineHeight\":1.4}}} -->\n<h3 style=\"line-height:1.4;\">Mia memulai blog ini bersama sekelompok orang dengan minat yang sama tentang perhiasan, sejarahnya, dan proses pembuatannya.</h3>\n<!-- /wp:heading --></div>\n<!-- /wp:group -->\n\n<!-- wp:media-text {\"align\":\"full\",\"mediaLink\":\"https://s0.wp.com/wp-content/themes/pub/pendant/assets/images/person-with-shadow-on-wall.jpeg\",\"mediaType\":\"image\",\"mediaWidth\":40,\"mediaSizeSlug\":\"full\",\"style\":{\"color\":{\"background\":\"#a19982\"}},\"className\":\"is-vertically-aligned-center\"} -->\n<div class=\"wp-block-media-text alignfull is-stacked-on-mobile is-vertically-aligned-center has-background\" style=\"background-color:#a19982;grid-template-columns:40% auto;\"><figure class=\"wp-block-media-text__media\"><img src=\"https://s0.wp.com/wp-content/themes/pub/pendant/assets/images/person-with-shadow-on-wall.jpeg\" alt=\"\" /></figure><div class=\"wp-block-media-text__content\"><!-- wp:group {\"style\":{\"spacing\":{\"padding\":{\"top\":\"30px\",\"right\":\"30px\",\"bottom\":\"40px\",\"left\":\"30px\"}}}} -->\n<div class=\"wp-block-group\" style=\"padding-top:30px;padding-right:30px;padding-bottom:40px;padding-left:30px;\"><!-- wp:quote {\"className\":\"is-style-plain\"} -->\n<blockquote class=\"wp-block-quote is-style-plain\"><p>\n\"Kami beruntung bisa menulis tentang minat kami dan mewawancarai mereka yang karyanya kami kagumi.\"</p><cite>Marie, penyunting PNDNT</cite></blockquote>\n<!-- /wp:quote --></div>\n<!-- /wp:group --></div></div>\n<!-- /wp:media-text -->\n\n<!-- wp:group {\"align\":\"wide\",\"style\":{\"spacing\":{\"padding\":{\"top\":\"5vw\",\"bottom\":\"5vw\"}}},\"layout\":{\"inherit\":true}} -->\n<div class=\"wp-block-group alignwide\" style=\"padding-top:5vw;padding-bottom:5vw;\"><!-- wp:columns {\"align\":\"wide\"} -->\n<div class=\"wp-block-columns alignwide\"><!-- wp:column {\"verticalAlignment\":\"top\",\"width\":\"25%\",\"style\":{\"spacing\":{\"padding\":{\"top\":\"7vw\"}}}} -->\n<div class=\"wp-block-column is-vertically-aligned-top\" style=\"padding-top:7vw;flex-basis:25%;\"><!-- wp:heading {\"level\":3} -->\n<h3>Tim</h3>\n<!-- /wp:heading --></div>\n<!-- /wp:column -->\n\n<!-- wp:column {\"verticalAlignment\":\"top\"} -->\n<div class=\"wp-block-column is-vertically-aligned-top\"><!-- wp:group {\"style\":{\"spacing\":{\"padding\":{\"top\":\"1.5vw\",\"bottom\":\"3vw\"}}},\"layout\":{\"type\":\"flex\",\"orientation\":\"vertical\"}} -->\n<div class=\"wp-block-group\" style=\"padding-top:1.5vw;padding-bottom:3vw;\"><!-- wp:image {\"sizeSlug\":\"full\",\"linkDestination\":\"none\",\"className\":\"is-resized is-style-default\"} -->\n<figure class=\"wp-block-image size-full is-resized is-style-default\"><img src=\"https://s0.wp.com/wp-content/themes/pub/pendant/assets/images/smiling-woman-1.jpeg\" alt=\"\" /></figure>\n<!-- /wp:image -->\n\n<!-- wp:group {\"style\":{\"spacing\":{\"blockGap\":\"0px\"}},\"layout\":{\"type\":\"flex\",\"orientation\":\"vertical\"}} -->\n<div class=\"wp-block-group\"><!-- wp:paragraph -->\n<p><strong>Marie</strong></p>\n<!-- /wp:paragraph -->\n\n<!-- wp:paragraph -->\n<p><em>Penyunting & Pakar Perhiasan</em></p>\n<!-- /wp:paragraph --></div>\n<!-- /wp:group --></div>\n<!-- /wp:group -->\n\n<!-- wp:group {\"style\":{\"spacing\":{\"padding\":{\"top\":\"1.5vw\",\"bottom\":\"3vw\"}}},\"layout\":{\"type\":\"flex\",\"orientation\":\"vertical\"}} -->\n<div class=\"wp-block-group\" style=\"padding-top:1.5vw;padding-bottom:3vw;\"><!-- wp:image {\"sizeSlug\":\"full\",\"linkDestination\":\"none\",\"className\":\"is-resized is-style-default\"} -->\n<figure class=\"wp-block-image size-full is-resized is-style-default\"><img src=\"https://s0.wp.com/wp-content/themes/pub/pendant/assets/images/smiling-woman-3.jpeg\" alt=\"\" /></figure>\n<!-- /wp:image -->\n\n<!-- wp:group {\"style\":{\"spacing\":{\"blockGap\":\"0px\"}},\"layout\":{\"type\":\"flex\",\"orientation\":\"vertical\"}} -->\n<div class=\"wp-block-group\"><!-- wp:paragraph -->\n<p><strong>Sandra</strong></p>\n<!-- /wp:paragraph -->\n\n<!-- wp:paragraph -->\n<p><em>Penulis, Penyunting, & Perancang Perhiasan</em></p>\n<!-- /wp:paragraph --></div>\n<!-- /wp:group --></div>\n<!-- /wp:group --></div>\n<!-- /wp:column -->\n\n<!-- wp:column {\"verticalAlignment\":\"top\"} -->\n<div class=\"wp-block-column is-vertically-aligned-top\"><!-- wp:group {\"style\":{\"spacing\":{\"padding\":{\"top\":\"1.5vw\",\"bottom\":\"3vw\"}}},\"layout\":{\"type\":\"flex\",\"orientation\":\"vertical\"}} -->\n<div class=\"wp-block-group\" style=\"padding-top:1.5vw;padding-bottom:3vw;\"><!-- wp:image {\"sizeSlug\":\"full\",\"linkDestination\":\"none\",\"className\":\"is-resized is-style-default\"} -->\n<figure class=\"wp-block-image size-full is-resized is-style-default\"><img src=\"https://s0.wp.com/wp-content/themes/pub/pendant/assets/images/smiling-woman-2.jpeg\" alt=\"\" /></figure>\n<!-- /wp:image -->\n\n<!-- wp:group {\"style\":{\"spacing\":{\"blockGap\":\"0px\"}},\"layout\":{\"type\":\"flex\",\"orientation\":\"vertical\"}} -->\n<div class=\"wp-block-group\"><!-- wp:paragraph -->\n<p><strong>Tanya</strong></p>\n<!-- /wp:paragraph -->\n\n<!-- wp:paragraph -->\n<p><em>Penyunting & Hubungan Masyarakat</em></p>\n<!-- /wp:paragraph --></div>\n<!-- /wp:group --></div>\n<!-- /wp:group -->\n\n<!-- wp:group {\"style\":{\"spacing\":{\"padding\":{\"top\":\"1.5vw\",\"bottom\":\"3vw\"}}},\"layout\":{\"type\":\"flex\",\"orientation\":\"vertical\"}} -->\n<div class=\"wp-block-group\" style=\"padding-top:1.5vw;padding-bottom:3vw;\"><!-- wp:image {\"sizeSlug\":\"full\",\"linkDestination\":\"none\",\"className\":\"is-resized is-style-default\"} -->\n<figure class=\"wp-block-image size-full is-resized is-style-default\"><img src=\"https://s0.wp.com/wp-content/themes/pub/pendant/assets/images/man-with-backward-cap.jpeg\" alt=\"\" /></figure>\n<!-- /wp:image -->\n\n<!-- wp:group {\"style\":{\"spacing\":{\"blockGap\":\"0px\"}},\"layout\":{\"type\":\"flex\",\"orientation\":\"vertical\"}} -->\n<div class=\"wp-block-group\"><!-- wp:paragraph -->\n<p><strong>Ryan</strong></p>\n<!-- /wp:paragraph -->\n\n<!-- wp:paragraph -->\n<p><em>Pemasaran & Media Sosial</em></p>\n<!-- /wp:paragraph --></div>\n<!-- /wp:group --></div>\n<!-- /wp:group --></div>\n<!-- /wp:column --></div>\n<!-- /wp:columns --></div>\n<!-- /wp:group -->",
            "post_name": "about",
            "post_excerpt": "",
            "menu_order": 0,
            "post_status": "publish",
            "comment_status": "closed",
            "ping_status": "closed",
            "_starter_page_template": "blank",
            "hs_old_id": 23,
            "hs_post_parent": 0,
            "hs_taxonomies": [],
            "hs_custom_meta": "_hs_extra",
            "page_template": "header-footer-only"
        },
        {
            "post_type": "post",
            "post_title": "Inspirasi Yunani",
            "post_content": "<!-- wp:paragraph -->\n<p>Sebelum membahas perhiasan Yunani dari periode klasik, kita harus terlebih dahulu mengacu pada ornamen primitif dan kuno yang mendahuluinya. Periode dan fase budaya Yunani yang merupakan asal mula ornamen primitif dikenal secara luas sebagai \"Mycenæan\". Nama ini diambil dari penemuan di Mycenæ, pada tahun 1876 ketika Schliemann mengungkap harta emas terkenal yang saat ini disimpan di Museum Nasional di Athena. </p>\n<!-- /wp:paragraph -->\n\n<!-- wp:paragraph -->\n<p>Motif khas dari dekorasi barang-barang ini adalah penggunaan pola spiral yang hampir identik dengan pola spiral pada ornamen Celtic. Selain hal ini dan sejumlah bukti keterampilan dekorasi kuno, ditemukan pula representasi bentuk hewan di alam, seperti sotong, bintang laut, kupu-kupu, dan hewan lainnya. </p>\n<!-- /wp:paragraph -->\n\n<!-- wp:paragraph -->\n<p>Representasi ini ditampilkan dalam pola repoussé dengan ukiran relief dangkal. Dari sejumlah barang yang paling menonjol, salah satunya adalah sejumlah mahkota emas berbentuk pelat oval memanjang yang dihiasi dengan detail berbentuk mawar dan spiral.</p>\n<!-- /wp:paragraph -->\n\n<!-- wp:heading {\"level\":3} -->\n<h3>Dewi Mode</h3>\n<!-- /wp:heading -->\n\n<!-- wp:group -->\n<div class=\"wp-block-group\"><!-- wp:image {\"align\":\"left\",\"id\":13,\"sizeSlug\":\"large\",\"linkDestination\":\"none\"} -->\n<figure class=\"wp-block-image alignleft size-large\"><img src=\"https://pendantdemo.files.wordpress.com/2022/04/stocksnap_3ta5332ij4-2.jpeg?w=399\" alt=\"\" class=\"wp-image-13\" /></figure>\n<!-- /wp:image -->\n\n<!-- wp:paragraph -->\n<p>Perhiasan duka biasanya dilengkapi dengan mutiara, garnet, atau lebih sering dilengkapi batu jet. Hingga belum lama ini, batu jet masih disukai kalangan umum, dan dibuat menjadi segala macam ornamen. Untungnya, peminat batu jet saat ini hanya sedikit. </p>\n<!-- /wp:paragraph -->\n\n<!-- wp:paragraph -->\n<p>Budaya mengenakan ornamen yang terbuat dari bahan-bahan kurang indah dan berkesan suram kini bisa dibilang telah hilang. Meski begitu, budaya tersebut masih dipraktikkan selama beberapa waktu di Prancis, di mana ouvrages en cheveux dalam bentuk gelang dan liontin masih dikenakan sebagai précieux souvenirs de famille. </p>\n<!-- /wp:paragraph -->\n\n<!-- wp:paragraph -->\n<p>Setelah pertengahan abad kesembilan belas, penggunaan cincin duka dan perhiasan peringatan lainnya mulai ditinggalkan.</p>\n<!-- /wp:paragraph -->\n\n<!-- wp:paragraph -->\n<p>Dewi Mode, yang selalu berkompetisi terhadap produksi pandai emas, telah memfokuskan diri pada perhiasan daripada bentuk ornamen pribadi lainnya—suatu keadaan yang menyebabkan keberadaannya saat ini lebih kecil dari jumlah yang besar yang disebutkan dalam deskripsi ini, yang telah diproduksi sebelumnya. </p>\n<!-- /wp:paragraph --></div>\n<!-- /wp:group -->\n\n<!-- wp:group {\"align\":\"full\",\"backgroundColor\":\"tertiary\",\"layout\":{\"inherit\":true}} -->\n<div class=\"wp-block-group alignfull has-tertiary-background-color has-background\"><!-- wp:quote {\"align\":\"center\",\"className\":\"is-style-plain\"} -->\n<blockquote class=\"wp-block-quote has-text-align-center is-style-plain\"><p>\"Di sisi lain, masih cukup banyak contoh anting-anting yang bertahan. Potret dari Prancis dan Inggris pada awalnya hanya menunjukkan mutiara berbentuk buah pir besar di tiap telinga.\"</p><cite>Dalam \"Perhiasan\" oleh H. Clifford Smith</cite></blockquote>\n<!-- /wp:quote --></div>\n<!-- /wp:group -->\n\n<!-- wp:paragraph -->\n<p>Sebagian besar keluarga, dari waktu ke waktu, memilih untuk melebur sejumlah perhiasan yang menjadi pengingat akan para pendahulunya. Mereka yang telah lama menggeluti bisnis perhiasan mengaku telah melebur ratusan perhiasan semacam itu. Diharapkan bahwa perhiasan baru berbahan perhiasan kuno dapat mengingatkan kita pada sisa kenangan kuno dari kefanaan kita yang renta.</p>\n<!-- /wp:paragraph -->",
            "post_name": "greek-inspirations",
            "post_excerpt": "Dewi Mode, yang selalu berkompetisi terhadap produksi pandai emas, telah memfokuskan diri pada perhiasan daripada bentuk ornamen pribadi lainnya.",
            "menu_order": 0,
            "post_status": "publish",
            "comment_status": "closed",
            "ping_status": "closed",
            "_starter_page_template": "",
            "hs_old_id": 9,
            "hs_post_parent": 0,
            "hs_taxonomies": {
                "category_name": [
                    "Perhiasan Antik & Menawan",
                    "Gelang",
                    "Koleksi Museum",
                    "Liontin"
                ],
                "post_tag_name": []
            },
            "hs_custom_meta": "_hs_extra",
            "attachment_url": "https://pendantdemo.files.wordpress.com/2022/04/woman-hair-face-skin-hairstyle-ear-1600848-pxhere-1.jpeg"
        },
        {
            "post_type": "post",
            "post_title": "Perhiasan Kekal",
            "post_content": "<!-- wp:paragraph -->\n<p>  Sebuah cincin pertunangan, sepasang manset, atau sebuah pin sederhana untuk gaun tidak umum di zaman kuno, dan penggunaannya sebagai item fashion tergolong relatif baru.</p>\n<!-- /wp:paragraph -->",
            "post_name": "timeless-jewelry-pieces",
            "post_excerpt": "",
            "menu_order": 0,
            "post_status": "publish",
            "comment_status": "closed",
            "ping_status": "closed",
            "_starter_page_template": "",
            "hs_old_id": 29,
            "hs_post_parent": 0,
            "hs_taxonomies": {
                "category_name": [
                    "Perhiasan Antik & Menawan"
                ],
                "post_tag_name": []
            },
            "hs_custom_meta": "_hs_extra",
            "attachment_url": "https://pendantdemo.files.wordpress.com/2022/04/engagement-ring-on-finger.jpeg"
        }
    ],
    "images": [
        "https://pendantdemo.files.wordpress.com/2022/04/pendant_lanadevito.png",
        "https://pendantdemo.files.wordpress.com/2022/04/pendant_andrewholsen.png",
        "https://pendantdemo.files.wordpress.com/2022/04/ring.png",
        "https://pendantdemo.files.wordpress.com/2022/04/necklace_1.png",
        "https://pendantdemo.files.wordpress.com/2022/04/earrings.png",
        "https://pendantdemo.files.wordpress.com/2022/04/engagement-ring-on-finger.jpeg",
        "https://pendantdemo.files.wordpress.com/2022/04/stocksnap_3ta5332ij4-2.jpeg",
        "https://pendantdemo.files.wordpress.com/2022/04/woman-hair-face-skin-hairstyle-ear-1600848-pxhere-1.jpeg"
    ],
    "meta": {
        "blog_id": 204974443,
        "url": "https://pendantdemo.wordpress.com",
        "update_date": "28 Juni 2022, 22:17",
        "update_timestamp": 1656454648
    }
}