{
    "settings": {
        "options": {
            "show_on_front": "posts",
            "featured-content": {
                "tag-id": 35890,
                "tag-name": "featured",
                "hide-tag": 0,
                "show-all": 1
            },
            "jetpack_global_styles": false
        },
        "theme_mods": {
            "0": false,
            "nav_menu_locations": [],
            "custom_css_post_id": -1
        },
        "headstart": {
            "mapped_id_options": [],
            "mapped_id_theme_mods": [],
            "keep_submenu_items": true
        }
    },
    "widgets": [],
    "content": [
        {
            "post_type": "post",
            "post_title": "수공업자 Andrew Holsen과 함께하는 Q&A",
            "post_content": "<!-- wp:paragraph -->\n<p>Andrew는 미국 캘리포니아 출신의 보석 주얼리 수공업자입니다. 공예에 대한 그의 열정은 할머니의 침실에서 보낸 어린 시절로 거슬러 올라갑니다. 그는 크고 무거운 귀고리를 달고 어른 흉내를 냈습니다.</p>\n<!-- /wp:paragraph -->\n\n<!-- wp:heading {\"level\":4} -->\n<h4>당신의 창작 과정은 어떻습니까?</h4>\n<!-- /wp:heading -->\n\n<!-- wp:paragraph -->\n<p>저는 보통 새로운 컬렉션의 무드보딩과 개념화로 시작합니다. 일반적으로 제가 사진을 찍고 모양에 대한 우스꽝스러운 아이디어를 스케치하기 시작하면 훨씬 더 일찍 시작됩니다.</p>\n<!-- /wp:paragraph -->\n\n<!-- wp:heading {\"level\":4} -->\n<h4>무엇이 당신에게 영감을 주나요?</h4>\n<!-- /wp:heading -->\n\n<!-- wp:paragraph -->\n<p>지구가 저에게 가장 큰 영감과 영향을 줍니다. 저는 크리스털 매장, 빈티지 바자회를 방문하고 원석의 아름다움에서 영감을 받는 것을 좋아합니다.</p>\n<!-- /wp:paragraph -->",
            "post_name": "qa-with-andrew-holsen-hand-maker",
            "post_excerpt": "",
            "menu_order": 0,
            "post_status": "publish",
            "comment_status": "closed",
            "ping_status": "closed",
            "_starter_page_template": "",
            "hs_old_id": 74,
            "hs_post_parent": 0,
            "hs_taxonomies": {
                "category_name": [
                    "인터뷰"
                ],
                "post_tag_name": []
            },
            "hs_custom_meta": "_hs_extra",
            "attachment_url": "https://pendantdemo.files.wordpress.com/2022/04/pendant_andrewholsen.png"
        },
        {
            "post_type": "post",
            "post_title": "보석 디자이너 Lana DeVito와 함께하는 Q&A",
            "post_content": "<!-- wp:paragraph -->\n<p>Lana DeVito는 미국 매사추세츠주 보스턴 출신의 보석 디자이너입니다. 공예에 대한 그녀의 열정은 할머니의 침실에서 보낸 어린 시절로 거슬러 올라갑니다. 그녀는 크고 무거운 귀고리를 달고 어른 흉내를 냈습니다.</p>\n<!-- /wp:paragraph -->\n\n<!-- wp:heading {\"level\":4} -->\n<h4>당신의 창작 과정은 어떻습니까?</h4>\n<!-- /wp:heading -->\n\n<!-- wp:paragraph -->\n<p>저는 보통 새로운 컬렉션의 무드보딩과 개념화로 시작합니다. 일반적으로 제가 사진을 찍고 모양에 대한 우스꽝스러운 아이디어를 스케치하기 시작하면 훨씬 더 일찍 시작됩니다.</p>\n<!-- /wp:paragraph -->\n\n<!-- wp:heading {\"level\":4} -->\n<h4>무엇이 당신에게 영감을 주나요?</h4>\n<!-- /wp:heading -->\n\n<!-- wp:paragraph -->\n<p>지구가 저에게 가장 큰 영감과 영향을 줍니다. 저는 크리스털 매장, 빈티지 바자회를 방문하고 원석의 아름다움에서 영감을 받는 것을 좋아합니다.</p>\n<!-- /wp:paragraph -->",
            "post_name": "qa-with-lana-devito-jewellery-designer",
            "post_excerpt": "",
            "menu_order": 0,
            "post_status": "publish",
            "comment_status": "closed",
            "ping_status": "closed",
            "_starter_page_template": "",
            "hs_old_id": 59,
            "hs_post_parent": 0,
            "hs_taxonomies": {
                "category_name": [
                    "인터뷰"
                ],
                "post_tag_name": []
            },
            "hs_custom_meta": "_hs_extra",
            "attachment_url": "https://pendantdemo.files.wordpress.com/2022/04/pendant_lanadevito.png"
        },
        {
            "post_type": "page",
            "post_title": "글",
            "post_content": "<!-- wp:query {\"queryId\":2,\"query\":{\"perPage\":\"8\",\"pages\":0,\"offset\":0,\"postType\":\"post\",\"order\":\"desc\",\"orderBy\":\"date\",\"author\":\"\",\"search\":\"\",\"exclude\":[],\"sticky\":\"exclude\",\"inherit\":false},\"tagName\":\"main\",\"displayLayout\":{\"type\":\"flex\",\"columns\":2},\"align\":\"wide\",\"layout\":{\"inherit\":false}} -->\n<main class=\"wp-block-query alignwide\"><!-- wp:group {\"align\":\"wide\",\"style\":{\"spacing\":{\"padding\":{\"top\":\"1em\",\"bottom\":\"1.5em\"}}},\"layout\":{\"inherit\":false}} -->\n<div class=\"wp-block-group alignwide\" style=\"padding-top:1em;padding-bottom:1.5em;\"><!-- wp:post-template -->\n<!-- wp:group {\"style\":{\"spacing\":{\"padding\":{\"top\":\"2em\",\"bottom\":\"2em\"}}}} -->\n<div class=\"wp-block-group\" style=\"padding-top:2em;padding-bottom:2em;\"><!-- wp:post-featured-image {\"isLink\":true,\"width\":\"100%\",\"height\":\"16em\"} /-->\n\n<!-- wp:post-title {\"level\":3,\"isLink\":true} /-->\n\n<!-- wp:post-excerpt /-->\n\n<!-- wp:read-more {\"style\":{\"typography\":{\"fontStyle\":\"normal\",\"fontWeight\":\"700\"}},\"fontSize\":\"medium\"} /--></div>\n<!-- /wp:group -->\n<!-- /wp:post-template --></div>\n<!-- /wp:group -->\n\n<!-- wp:separator {\"align\":\"wide\",\"backgroundColor\":\"foreground\",\"className\":\"is-style-wide\"} -->\n<hr class=\"wp-block-separator alignwide has-text-color has-foreground-color has-alpha-channel-opacity has-foreground-background-color has-background is-style-wide\" />\n<!-- /wp:separator -->\n\n<!-- wp:group {\"align\":\"wide\",\"style\":{\"spacing\":{\"margin\":{\"top\":\"0\"},\"padding\":{\"top\":\"2.5em\",\"bottom\":\"2.5em\"}}}} -->\n<div class=\"wp-block-group alignwide\" style=\"margin-top:0;padding-top:2.5em;padding-bottom:2.5em;\"><!-- wp:query-pagination {\"layout\":{\"type\":\"flex\",\"justifyContent\":\"space-between\"}} -->\n<!-- wp:query-pagination-previous /-->\n\n<!-- wp:query-pagination-numbers /-->\n\n<!-- wp:query-pagination-next /-->\n<!-- /wp:query-pagination --></div>\n<!-- /wp:group --></main>\n<!-- /wp:query -->",
            "post_name": "about",
            "post_excerpt": "",
            "menu_order": 0,
            "post_status": "publish",
            "comment_status": "closed",
            "ping_status": "closed",
            "_starter_page_template": "blank",
            "hs_old_id": 23,
            "hs_post_parent": 0,
            "hs_taxonomies": [],
            "hs_custom_meta": "_hs_extra",
            "page_template": "header-footer-only"
        },
        {
            "post_type": "post",
            "post_title": "정보",
            "post_content": "<!-- wp:group {\"align\":\"full\",\"style\":{\"spacing\":{\"margin\":{\"top\":\"0px\"},\"padding\":{\"top\":\"40px\",\"bottom\":\"50px\"}}},\"backgroundColor\":\"foreground\",\"textColor\":\"background\",\"layout\":{\"inherit\":true}} -->\n<div class=\"wp-block-group alignfull has-background-color has-foreground-background-color has-text-color has-background\" style=\"margin-top:0;padding-top:40px;padding-bottom:50px;\"><!-- wp:columns {\"align\":\"wide\"} -->\n<div class=\"wp-block-columns alignwide\"><!-- wp:column {\"width\":\"42%\"} -->\n<div class=\"wp-block-column\" style=\"flex-basis:42%;\"><!-- wp:heading {\"level\":1,\"align\":\"wide\"} -->\n<h1 class=\"alignwide\"> 소개</h1>\n<!-- /wp:heading --></div>\n<!-- /wp:column -->\n\n<!-- wp:column -->\n<div class=\"wp-block-column\"><!-- wp:image {\"sizeSlug\":\"full\",\"linkDestination\":\"none\"} -->\n<figure class=\"wp-block-image size-full\"><img src=\"https://s0.wp.com/wp-content/themes/pub/pendant/assets/images/person-in-dress-at-shore.jpg\" alt=\"\" /></figure>\n<!-- /wp:image -->\n\n<!-- wp:heading {\"level\":4} -->\n<h4>Mia Moore, 보석 애호가</h4>\n<!-- /wp:heading -->\n\n<!-- wp:paragraph -->\n<p><em>\"보석은 더 많이 알고 그 역사를 파고들수록 더 사랑하게 됩니다. 불현듯 물건 이면의 의미와 그것이 어떻게 지위, 부 또는 권력으로 받아들여지는지 알게 됩니다. 보석은 항상 소통하고 구별하는 수단이었으며 사회의 진화와 함께 의복과 같은 또 다른 표현 수단으로 변모했습니다. 저는 우리가 자신을 표현하려고 그것을 어떻게 사용하는지 관심이 많습니다.\"</em></p>\n<!-- /wp:paragraph --></div>\n<!-- /wp:column --></div>\n<!-- /wp:columns -->\n\n<!-- wp:spacer {\"height\":\"40px\"} -->\n<div style=\"height:40px;\" aria-hidden=\"true\" class=\"wp-block-spacer\"></div>\n<!-- /wp:spacer --></div>\n<!-- /wp:group -->\n\n<!-- wp:group {\"style\":{\"spacing\":{\"padding\":{\"top\":\"100px\",\"bottom\":\"100px\"}}}} -->\n<div class=\"wp-block-group\" style=\"padding-top:100px;padding-bottom:100px;\"><!-- wp:heading {\"level\":3,\"style\":{\"typography\":{\"lineHeight\":1.4}}} -->\n<h3 style=\"line-height:1.4;\">Mia는 보석, 역사 및 수공예에 대한 동일한 열정을 공유하는 사람들과 함께 블로그를 만들었습니다.</h3>\n<!-- /wp:heading --></div>\n<!-- /wp:group -->\n\n<!-- wp:media-text {\"align\":\"full\",\"mediaLink\":\"https://s0.wp.com/wp-content/themes/pub/pendant/assets/images/person-with-shadow-on-wall.jpeg\",\"mediaType\":\"image\",\"mediaWidth\":40,\"mediaSizeSlug\":\"full\",\"style\":{\"color\":{\"background\":\"#a19982\"}},\"className\":\"is-vertically-aligned-center\"} -->\n<div class=\"wp-block-media-text alignfull is-stacked-on-mobile is-vertically-aligned-center has-background\" style=\"background-color:#a19982;grid-template-columns:40% auto;\"><figure class=\"wp-block-media-text__media\"><img src=\"https://s0.wp.com/wp-content/themes/pub/pendant/assets/images/person-with-shadow-on-wall.jpeg\" alt=\"\" /></figure><div class=\"wp-block-media-text__content\"><!-- wp:group {\"style\":{\"spacing\":{\"padding\":{\"top\":\"30px\",\"right\":\"30px\",\"bottom\":\"40px\",\"left\":\"30px\"}}}} -->\n<div class=\"wp-block-group\" style=\"padding-top:30px;padding-right:30px;padding-bottom:40px;padding-left:30px;\"><!-- wp:quote {\"className\":\"is-style-plain\"} -->\n<blockquote class=\"wp-block-quote is-style-plain\"><p>\n\"우리가 우리의 열정에 대해 글을 쓰고 우리가 존경하는 작품을 인터뷰할 수 있는 것은 대단한 행운입니다.\"</p><cite>Marie, PNDNT 편집자</cite></blockquote>\n<!-- /wp:quote --></div>\n<!-- /wp:group --></div></div>\n<!-- /wp:media-text -->\n\n<!-- wp:group {\"align\":\"wide\",\"style\":{\"spacing\":{\"padding\":{\"top\":\"5vw\",\"bottom\":\"5vw\"}}},\"layout\":{\"inherit\":true}} -->\n<div class=\"wp-block-group alignwide\" style=\"padding-top:5vw;padding-bottom:5vw;\"><!-- wp:columns {\"align\":\"wide\"} -->\n<div class=\"wp-block-columns alignwide\"><!-- wp:column {\"verticalAlignment\":\"top\",\"width\":\"25%\",\"style\":{\"spacing\":{\"padding\":{\"top\":\"7vw\"}}}} -->\n<div class=\"wp-block-column is-vertically-aligned-top\" style=\"padding-top:7vw;flex-basis:25%;\"><!-- wp:heading {\"level\":3} -->\n<h3>팀</h3>\n<!-- /wp:heading --></div>\n<!-- /wp:column -->\n\n<!-- wp:column {\"verticalAlignment\":\"top\"} -->\n<div class=\"wp-block-column is-vertically-aligned-top\"><!-- wp:group {\"style\":{\"spacing\":{\"padding\":{\"top\":\"1.5vw\",\"bottom\":\"3vw\"}}},\"layout\":{\"type\":\"flex\",\"orientation\":\"vertical\"}} -->\n<div class=\"wp-block-group\" style=\"padding-top:1.5vw;padding-bottom:3vw;\"><!-- wp:image {\"sizeSlug\":\"full\",\"linkDestination\":\"none\",\"className\":\"is-resized is-style-default\"} -->\n<figure class=\"wp-block-image size-full is-resized is-style-default\"><img src=\"https://s0.wp.com/wp-content/themes/pub/pendant/assets/images/smiling-woman-1.jpeg\" alt=\"\" /></figure>\n<!-- /wp:image -->\n\n<!-- wp:group {\"style\":{\"spacing\":{\"blockGap\":\"0px\"}},\"layout\":{\"type\":\"flex\",\"orientation\":\"vertical\"}} -->\n<div class=\"wp-block-group\"><!-- wp:paragraph -->\n<p><strong>Marie</strong></p>\n<!-- /wp:paragraph -->\n\n<!-- wp:paragraph -->\n<p><em>편집자 겸 보석 세공인</em></p>\n<!-- /wp:paragraph --></div>\n<!-- /wp:group --></div>\n<!-- /wp:group -->\n\n<!-- wp:group {\"style\":{\"spacing\":{\"padding\":{\"top\":\"1.5vw\",\"bottom\":\"3vw\"}}},\"layout\":{\"type\":\"flex\",\"orientation\":\"vertical\"}} -->\n<div class=\"wp-block-group\" style=\"padding-top:1.5vw;padding-bottom:3vw;\"><!-- wp:image {\"sizeSlug\":\"full\",\"linkDestination\":\"none\",\"className\":\"is-resized is-style-default\"} -->\n<figure class=\"wp-block-image size-full is-resized is-style-default\"><img src=\"https://s0.wp.com/wp-content/themes/pub/pendant/assets/images/smiling-woman-3.jpeg\" alt=\"\" /></figure>\n<!-- /wp:image -->\n\n<!-- wp:group {\"style\":{\"spacing\":{\"blockGap\":\"0px\"}},\"layout\":{\"type\":\"flex\",\"orientation\":\"vertical\"}} -->\n<div class=\"wp-block-group\"><!-- wp:paragraph -->\n<p><strong>Sandra</strong></p>\n<!-- /wp:paragraph -->\n\n<!-- wp:paragraph -->\n<p><em>작가, 편집자 겸 보석 디자이너</em></p>\n<!-- /wp:paragraph --></div>\n<!-- /wp:group --></div>\n<!-- /wp:group --></div>\n<!-- /wp:column -->\n\n<!-- wp:column {\"verticalAlignment\":\"top\"} -->\n<div class=\"wp-block-column is-vertically-aligned-top\"><!-- wp:group {\"style\":{\"spacing\":{\"padding\":{\"top\":\"1.5vw\",\"bottom\":\"3vw\"}}},\"layout\":{\"type\":\"flex\",\"orientation\":\"vertical\"}} -->\n<div class=\"wp-block-group\" style=\"padding-top:1.5vw;padding-bottom:3vw;\"><!-- wp:image {\"sizeSlug\":\"full\",\"linkDestination\":\"none\",\"className\":\"is-resized is-style-default\"} -->\n<figure class=\"wp-block-image size-full is-resized is-style-default\"><img src=\"https://s0.wp.com/wp-content/themes/pub/pendant/assets/images/smiling-woman-2.jpeg\" alt=\"\" /></figure>\n<!-- /wp:image -->\n\n<!-- wp:group {\"style\":{\"spacing\":{\"blockGap\":\"0px\"}},\"layout\":{\"type\":\"flex\",\"orientation\":\"vertical\"}} -->\n<div class=\"wp-block-group\"><!-- wp:paragraph -->\n<p><strong>Tanya</strong></p>\n<!-- /wp:paragraph -->\n\n<!-- wp:paragraph -->\n<p><em>편집자 겸 홍보 담당자</em></p>\n<!-- /wp:paragraph --></div>\n<!-- /wp:group --></div>\n<!-- /wp:group -->\n\n<!-- wp:group {\"style\":{\"spacing\":{\"padding\":{\"top\":\"1.5vw\",\"bottom\":\"3vw\"}}},\"layout\":{\"type\":\"flex\",\"orientation\":\"vertical\"}} -->\n<div class=\"wp-block-group\" style=\"padding-top:1.5vw;padding-bottom:3vw;\"><!-- wp:image {\"sizeSlug\":\"full\",\"linkDestination\":\"none\",\"className\":\"is-resized is-style-default\"} -->\n<figure class=\"wp-block-image size-full is-resized is-style-default\"><img src=\"https://s0.wp.com/wp-content/themes/pub/pendant/assets/images/man-with-backward-cap.jpeg\" alt=\"\" /></figure>\n<!-- /wp:image -->\n\n<!-- wp:group {\"style\":{\"spacing\":{\"blockGap\":\"0px\"}},\"layout\":{\"type\":\"flex\",\"orientation\":\"vertical\"}} -->\n<div class=\"wp-block-group\"><!-- wp:paragraph -->\n<p><strong>Ryan</strong></p>\n<!-- /wp:paragraph -->\n\n<!-- wp:paragraph -->\n<p><em>마케팅 및 소셜 미디어</em></p>\n<!-- /wp:paragraph --></div>\n<!-- /wp:group --></div>\n<!-- /wp:group --></div>\n<!-- /wp:column --></div>\n<!-- /wp:columns --></div>\n<!-- /wp:group -->",
            "post_name": "greek-inspirations",
            "post_excerpt": "",
            "menu_order": 0,
            "post_status": "publish",
            "comment_status": "closed",
            "ping_status": "closed",
            "_starter_page_template": "",
            "hs_old_id": 9,
            "hs_post_parent": 0,
            "hs_taxonomies": {
                "category_name": [
                    "앤티크 및 빈티지 보석",
                    "팔찌",
                    "박물관 컬렉션",
                    "펜던트"
                ],
                "post_tag_name": []
            },
            "hs_custom_meta": "_hs_extra",
            "attachment_url": "https://pendantdemo.files.wordpress.com/2022/04/woman-hair-face-skin-hairstyle-ear-1600848-pxhere-1.jpeg"
        },
        {
            "post_type": "post",
            "post_title": "그리스의 영감",
            "post_content": "<!-- wp:paragraph -->\n<p>고전 시대의 그리스 장신구를 다루기 전에 그 이전의 원초적이고 고풍스러운 장식품을 참조해야 합니다. 원시 장식품이 속한 그리스 문화의 시대와 단계는 \"미케네\"로 널리 알려져 있습니다. 이 명칭은 미케네에서 이루어진 발견에 기인한 것입니다. 1876년에 슐리만이 아테네의 국립박물관에 현재 보존되어 있는 유명한 금 보물을 밝혀냈습니다. </p>\n<!-- /wp:paragraph -->\n\n<!-- wp:paragraph -->\n<p>이러한 물건 장식의 특징적인 동기는 켈트 장식품에 사용된 것과 거의 동일한 나선형 패턴 사용입니다. 장식 기술의 이러한 원초적인 작품 외에도 우리는 오징어, 불가사리, 나비 및 기타 생물과 같은 자연주의적 동물 형태의 표현을 찾습니다. </p>\n<!-- /wp:paragraph -->\n\n<!-- wp:paragraph -->\n<p>이들은 얕은 돋을새김으로 작업한 repoussé 패턴으로 표현됩니다. 가장 눈에 띄는 물건 중에는 주로 장미와 나선 모양으로 정교하게 장식된 길쭉한 타원형 접시 형태의 수많은 금관이 있습니다.</p>\n<!-- /wp:paragraph -->\n\n<!-- wp:heading {\"level\":3} -->\n<h3>여신 패션</h3>\n<!-- /wp:heading -->\n\n<!-- wp:group -->\n<div class=\"wp-block-group\"><!-- wp:image {\"align\":\"left\",\"id\":13,\"sizeSlug\":\"large\",\"linkDestination\":\"none\"} -->\n<figure class=\"wp-block-image alignleft size-large\"><img src=\"https://pendantdemo.files.wordpress.com/2022/04/stocksnap_3ta5332ij4-2.jpeg?w=399\" alt=\"\" class=\"wp-image-13\" /></figure>\n<!-- /wp:image -->\n\n<!-- wp:paragraph -->\n<p>유품 보석에는 일반적으로 흑옥을 비롯하여 진주 또는 석류석이 박혀 있습니다. 얼마 전까지만 해도 흑옥은 보편적으로 좋아하는 보석이어서 온갖 장식품으로 만들어졌습니다. 다행히 지금은 수요가 거의 없습니다. </p>\n<!-- /wp:paragraph -->\n\n<!-- wp:paragraph -->\n<p>이러한 음울하고 불쾌한 재료로 구성된 장식품을 착용하는 관습은 현재 사실상 중단되었지만, 팔찌와 로켓 형태의 ouvrages en cheveux가 여전히 précieux souvenirs de famille로 착용되는 프랑스에서는 어느 정도 유지되고 있습니다. </p>\n<!-- /wp:paragraph -->\n\n<!-- wp:paragraph -->\n<p>19세기 중반 이후 유품 반지와 기타 추도 보석의 사용이 줄어들기 시작했습니다</p>\n<!-- /wp:paragraph -->\n\n<!-- wp:paragraph -->\n<p>모든 시대에 걸쳐 금 세공품을 쟁취하기 위해 전쟁을 벌여온 여신 패션은 다른 형태의 개인 장식품보다 이러한 것에 더 비중을 두었습니다. 이것이 이 묘사 중 분명히 이전에 생산되었을 엄청난 양의 물건 중 비교적 적은 비율이 현재 생존하고 있는 전후 사정입니다. </p>\n<!-- /wp:paragraph --></div>\n<!-- /wp:group -->\n\n<!-- wp:group {\"align\":\"full\",\"backgroundColor\":\"tertiary\",\"layout\":{\"inherit\":true}} -->\n<div class=\"wp-block-group alignfull has-tertiary-background-color has-background\"><!-- wp:quote {\"align\":\"center\",\"className\":\"is-style-plain\"} -->\n<blockquote class=\"wp-block-quote has-text-align-center is-style-plain\"><p>\"반면 귀고리는 없애지 않은 사례가 상당히 많이 남아 있습니다. 프랑스와 영국의 초상화를 보면 처음에 양쪽 귀에 커다란 배 모양 진주만 보입니다.\"</p><cite>H. Clifford Smith의 \"Jewellery\" 중에서</cite></blockquote>\n<!-- /wp:quote --></div>\n<!-- /wp:group -->\n\n<!-- wp:paragraph -->\n<p>대다수 가족은 조상의 유품을 녹여 없앴습니다. 오랫동안 보석 세공에 종사한 사람들은 그렇게 부숴버린 유물이 수백 가지라고 고백합니다. 인간은 허무하게 죽음을 맞이하지만 과거로부터 이어져 온 기념품이 현재에도 계속해서 이어질 수 있기를 희망합니다.</p>\n<!-- /wp:paragraph -->",
            "post_name": "timeless-jewelry-pieces",
            "post_excerpt": "",
            "menu_order": 0,
            "post_status": "publish",
            "comment_status": "closed",
            "ping_status": "closed",
            "_starter_page_template": "",
            "hs_old_id": 29,
            "hs_post_parent": 0,
            "hs_taxonomies": {
                "category_name": [
                    "앤티크 및 빈티지 보석"
                ],
                "post_tag_name": []
            },
            "hs_custom_meta": "_hs_extra",
            "attachment_url": "https://pendantdemo.files.wordpress.com/2022/04/engagement-ring-on-finger.jpeg"
        }
    ],
    "images": [
        "https://pendantdemo.files.wordpress.com/2022/04/pendant_lanadevito.png",
        "https://pendantdemo.files.wordpress.com/2022/04/pendant_andrewholsen.png",
        "https://pendantdemo.files.wordpress.com/2022/04/ring.png",
        "https://pendantdemo.files.wordpress.com/2022/04/necklace_1.png",
        "https://pendantdemo.files.wordpress.com/2022/04/earrings.png",
        "https://pendantdemo.files.wordpress.com/2022/04/engagement-ring-on-finger.jpeg",
        "https://pendantdemo.files.wordpress.com/2022/04/stocksnap_3ta5332ij4-2.jpeg",
        "https://pendantdemo.files.wordpress.com/2022/04/woman-hair-face-skin-hairstyle-ear-1600848-pxhere-1.jpeg"
    ],
    "meta": {
        "blog_id": 204974443,
        "url": "https://pendantdemo.wordpress.com",
        "update_date": "2022년 6월 28일 오후 10시 17분",
        "update_timestamp": 1656454648
    }
}