{
    "settings": {
        "options": {
            "show_on_front": "posts",
            "featured-content": {
                "tag-id": 35890,
                "tag-name": "featured",
                "hide-tag": 0,
                "show-all": 1
            },
            "jetpack_global_styles": false
        },
        "theme_mods": {
            "0": false,
            "nav_menu_locations": [],
            "custom_css_post_id": -1
        },
        "headstart": {
            "mapped_id_options": [],
            "mapped_id_theme_mods": [],
            "keep_submenu_items": true
        }
    },
    "widgets": [],
    "content": [
        {
            "post_type": "post",
            "post_title": "Perguntas e respostas com Andrew Holsen, artesão",
            "post_content": "<!-- wp:paragraph -->\n<p>Andrew é um fabricante de joias da Califórnia. Sua paixão pelo artesanato remonta aos primeiros dias no quarto de sua avó. Ele costumava botar brincos grandes e pesados para brincar de ser adulto.</p>\n<!-- /wp:paragraph -->\n\n<!-- wp:heading {\"level\":4} -->\n<h4>Como é o seu processo de criação?</h4>\n<!-- /wp:heading -->\n\n<!-- wp:paragraph -->\n<p>Costumo começar com o moodboard e a conceitualização de uma nova coleção. Normalmente, essa etapa começa bem antes, quando eu tiro fotos ou desenho ideias soltas de formas.</p>\n<!-- /wp:paragraph -->\n\n<!-- wp:heading {\"level\":4} -->\n<h4>O que te inspira?</h4>\n<!-- /wp:heading -->\n\n<!-- wp:paragraph -->\n<p>A Terra é a minha maior inspiração e influência. Gosto de visitar lojas de cristais, bazares vintage e me inspirar na beleza das pedras brutas.</p>\n<!-- /wp:paragraph -->",
            "post_name": "qa-with-andrew-holsen-hand-maker",
            "post_excerpt": "",
            "menu_order": 0,
            "post_status": "publish",
            "comment_status": "closed",
            "ping_status": "closed",
            "_starter_page_template": "",
            "hs_old_id": 74,
            "hs_post_parent": 0,
            "hs_taxonomies": {
                "category_name": [
                    "Entrevistas"
                ],
                "post_tag_name": []
            },
            "hs_custom_meta": "_hs_extra",
            "attachment_url": "https://pendantdemo.files.wordpress.com/2022/04/pendant_andrewholsen.png"
        },
        {
            "post_type": "post",
            "post_title": "Perguntas e respostas com Lana DeVito, designer de joias",
            "post_content": "<!-- wp:paragraph -->\n<p>Lana DeVito é uma designer de joias de Boston, em Massachusetts, Estados Unidos. Sua paixão por essa arte remonta à sua infância no quarto de sua avó. Ela costumava botar brincos grandes e pesados para brincar de ser adulta.</p>\n<!-- /wp:paragraph -->\n\n<!-- wp:heading {\"level\":4} -->\n<h4>Como é o seu processo de criação?</h4>\n<!-- /wp:heading -->\n\n<!-- wp:paragraph -->\n<p>Costumo começar com o moodboard e a conceitualização de uma nova coleção. Normalmente, essa etapa começa bem antes, quando eu tiro fotos ou desenho ideias soltas de formas.</p>\n<!-- /wp:paragraph -->\n\n<!-- wp:heading {\"level\":4} -->\n<h4>O que te inspira?</h4>\n<!-- /wp:heading -->\n\n<!-- wp:paragraph -->\n<p>A Terra é a minha maior inspiração e influência. Gosto de visitar lojas de cristais, bazares vintage e me inspirar na beleza das pedras brutas.</p>\n<!-- /wp:paragraph -->",
            "post_name": "qa-with-lana-devito-jewellery-designer",
            "post_excerpt": "",
            "menu_order": 0,
            "post_status": "publish",
            "comment_status": "closed",
            "ping_status": "closed",
            "_starter_page_template": "",
            "hs_old_id": 59,
            "hs_post_parent": 0,
            "hs_taxonomies": {
                "category_name": [
                    "Entrevistas"
                ],
                "post_tag_name": []
            },
            "hs_custom_meta": "_hs_extra",
            "attachment_url": "https://pendantdemo.files.wordpress.com/2022/04/pendant_lanadevito.png"
        },
        {
            "post_type": "page",
            "post_title": "Artigos",
            "post_content": "<!-- wp:query {\"queryId\":2,\"query\":{\"perPage\":\"8\",\"pages\":0,\"offset\":0,\"postType\":\"post\",\"order\":\"desc\",\"orderBy\":\"date\",\"author\":\"\",\"search\":\"\",\"exclude\":[],\"sticky\":\"exclude\",\"inherit\":false},\"tagName\":\"main\",\"displayLayout\":{\"type\":\"flex\",\"columns\":2},\"align\":\"wide\",\"layout\":{\"inherit\":false}} -->\n<main class=\"wp-block-query alignwide\"><!-- wp:group {\"align\":\"wide\",\"style\":{\"spacing\":{\"padding\":{\"top\":\"1em\",\"bottom\":\"1.5em\"}}},\"layout\":{\"inherit\":false}} -->\n<div class=\"wp-block-group alignwide\" style=\"padding-top:1em;padding-bottom:1.5em;\"><!-- wp:post-template -->\n<!-- wp:group {\"style\":{\"spacing\":{\"padding\":{\"top\":\"2em\",\"bottom\":\"2em\"}}}} -->\n<div class=\"wp-block-group\" style=\"padding-top:2em;padding-bottom:2em;\"><!-- wp:post-featured-image {\"isLink\":true,\"width\":\"100%\",\"height\":\"16em\"} /-->\n\n<!-- wp:post-title {\"level\":3,\"isLink\":true} /-->\n\n<!-- wp:post-excerpt /-->\n\n<!-- wp:read-more {\"style\":{\"typography\":{\"fontStyle\":\"normal\",\"fontWeight\":\"700\"}},\"fontSize\":\"medium\"} /--></div>\n<!-- /wp:group -->\n<!-- /wp:post-template --></div>\n<!-- /wp:group -->\n\n<!-- wp:separator {\"align\":\"wide\",\"backgroundColor\":\"foreground\",\"className\":\"is-style-wide\"} -->\n<hr class=\"wp-block-separator alignwide has-text-color has-foreground-color has-alpha-channel-opacity has-foreground-background-color has-background is-style-wide\" />\n<!-- /wp:separator -->\n\n<!-- wp:group {\"align\":\"wide\",\"style\":{\"spacing\":{\"margin\":{\"top\":\"0\"},\"padding\":{\"top\":\"2.5em\",\"bottom\":\"2.5em\"}}}} -->\n<div class=\"wp-block-group alignwide\" style=\"margin-top:0;padding-top:2.5em;padding-bottom:2.5em;\"><!-- wp:query-pagination {\"layout\":{\"type\":\"flex\",\"justifyContent\":\"space-between\"}} -->\n<!-- wp:query-pagination-previous /-->\n\n<!-- wp:query-pagination-numbers /-->\n\n<!-- wp:query-pagination-next /-->\n<!-- /wp:query-pagination --></div>\n<!-- /wp:group --></main>\n<!-- /wp:query -->",
            "post_name": "about",
            "post_excerpt": "",
            "menu_order": 0,
            "post_status": "publish",
            "comment_status": "closed",
            "ping_status": "closed",
            "_starter_page_template": "blank",
            "hs_old_id": 23,
            "hs_post_parent": 0,
            "hs_taxonomies": [],
            "hs_custom_meta": "_hs_extra",
            "page_template": "header-footer-only"
        },
        {
            "post_type": "post",
            "post_title": "Sobre",
            "post_content": "<!-- wp:group {\"align\":\"full\",\"style\":{\"spacing\":{\"margin\":{\"top\":\"0px\"},\"padding\":{\"top\":\"40px\",\"bottom\":\"50px\"}}},\"backgroundColor\":\"foreground\",\"textColor\":\"background\",\"layout\":{\"inherit\":true}} -->\n<div class=\"wp-block-group alignfull has-background-color has-foreground-background-color has-text-color has-background\" style=\"margin-top:0;padding-top:40px;padding-bottom:50px;\"><!-- wp:columns {\"align\":\"wide\"} -->\n<div class=\"wp-block-columns alignwide\"><!-- wp:column {\"width\":\"42%\"} -->\n<div class=\"wp-block-column\" style=\"flex-basis:42%;\"><!-- wp:heading {\"level\":1,\"align\":\"wide\"} -->\n<h1 class=\"alignwide\">Sobre</h1>\n<!-- /wp:heading --></div>\n<!-- /wp:column -->\n\n<!-- wp:column -->\n<div class=\"wp-block-column\"><!-- wp:image {\"sizeSlug\":\"full\",\"linkDestination\":\"none\"} -->\n<figure class=\"wp-block-image size-full\"><img src=\"https://s0.wp.com/wp-content/themes/pub/pendant/assets/images/person-in-dress-at-shore.jpg\" alt=\"\" /></figure>\n<!-- /wp:image -->\n\n<!-- wp:heading {\"level\":4} -->\n<h4>Mia Moore, amante de joias</h4>\n<!-- /wp:heading -->\n\n<!-- wp:paragraph -->\n<p><em>\"Quanto mais eu aprendo sobre as joias e mergulho na sua história, mais eu as amo. Conhecer os significados por trás dos objetos em determinados períodos da história, como eles se traduzem em status, riqueza ou poder. As joias sempre representaram uma forma de se comunicar e destacar. Com a evolução da sociedade, elas se tornaram mais um meio de expressão, como as roupas. Eu amo ver como usamos isso para expressar quem realmente somos.\"</em></p>\n<!-- /wp:paragraph --></div>\n<!-- /wp:column --></div>\n<!-- /wp:columns -->\n\n<!-- wp:spacer {\"height\":\"40px\"} -->\n<div style=\"height:40px;\" aria-hidden=\"true\" class=\"wp-block-spacer\"></div>\n<!-- /wp:spacer --></div>\n<!-- /wp:group -->\n\n<!-- wp:group {\"style\":{\"spacing\":{\"padding\":{\"top\":\"100px\",\"bottom\":\"100px\"}}}} -->\n<div class=\"wp-block-group\" style=\"padding-top:100px;padding-bottom:100px;\"><!-- wp:heading {\"level\":3,\"style\":{\"typography\":{\"lineHeight\":1.4}}} -->\n<h3 style=\"line-height:1.4;\">Mia criou o blog com um grupo de pessoas que compartilhavam da mesma paixão por joias, sua história e produção.</h3>\n<!-- /wp:heading --></div>\n<!-- /wp:group -->\n\n<!-- wp:media-text {\"align\":\"full\",\"mediaLink\":\"https://s0.wp.com/wp-content/themes/pub/pendant/assets/images/person-with-shadow-on-wall.jpeg\",\"mediaType\":\"image\",\"mediaWidth\":40,\"mediaSizeSlug\":\"full\",\"style\":{\"color\":{\"background\":\"#a19982\"}},\"className\":\"is-vertically-aligned-center\"} -->\n<div class=\"wp-block-media-text alignfull is-stacked-on-mobile is-vertically-aligned-center has-background\" style=\"background-color:#a19982;grid-template-columns:40% auto;\"><figure class=\"wp-block-media-text__media\"><img src=\"https://s0.wp.com/wp-content/themes/pub/pendant/assets/images/person-with-shadow-on-wall.jpeg\" alt=\"\" /></figure><div class=\"wp-block-media-text__content\"><!-- wp:group {\"style\":{\"spacing\":{\"padding\":{\"top\":\"30px\",\"right\":\"30px\",\"bottom\":\"40px\",\"left\":\"30px\"}}}} -->\n<div class=\"wp-block-group\" style=\"padding-top:30px;padding-right:30px;padding-bottom:40px;padding-left:30px;\"><!-- wp:quote {\"className\":\"is-style-plain\"} -->\n<blockquote class=\"wp-block-quote is-style-plain\"><p>\n\"Temos muita sorte de poder escrever sobre nossa paixão e entrevistar pessoas que fazem um trabalho que admiramos.\"</p><cite>Marie, editora da PNDNT</cite></blockquote>\n<!-- /wp:quote --></div>\n<!-- /wp:group --></div></div>\n<!-- /wp:media-text -->\n\n<!-- wp:group {\"align\":\"wide\",\"style\":{\"spacing\":{\"padding\":{\"top\":\"5vw\",\"bottom\":\"5vw\"}}},\"layout\":{\"inherit\":true}} -->\n<div class=\"wp-block-group alignwide\" style=\"padding-top:5vw;padding-bottom:5vw;\"><!-- wp:columns {\"align\":\"wide\"} -->\n<div class=\"wp-block-columns alignwide\"><!-- wp:column {\"verticalAlignment\":\"top\",\"width\":\"25%\",\"style\":{\"spacing\":{\"padding\":{\"top\":\"7vw\"}}}} -->\n<div class=\"wp-block-column is-vertically-aligned-top\" style=\"padding-top:7vw;flex-basis:25%;\"><!-- wp:heading {\"level\":3} -->\n<h3>A equipe</h3>\n<!-- /wp:heading --></div>\n<!-- /wp:column -->\n\n<!-- wp:column {\"verticalAlignment\":\"top\"} -->\n<div class=\"wp-block-column is-vertically-aligned-top\"><!-- wp:group {\"style\":{\"spacing\":{\"padding\":{\"top\":\"1.5vw\",\"bottom\":\"3vw\"}}},\"layout\":{\"type\":\"flex\",\"orientation\":\"vertical\"}} -->\n<div class=\"wp-block-group\" style=\"padding-top:1.5vw;padding-bottom:3vw;\"><!-- wp:image {\"sizeSlug\":\"full\",\"linkDestination\":\"none\",\"className\":\"is-resized is-style-default\"} -->\n<figure class=\"wp-block-image size-full is-resized is-style-default\"><img src=\"https://s0.wp.com/wp-content/themes/pub/pendant/assets/images/smiling-woman-1.jpeg\" alt=\"\" /></figure>\n<!-- /wp:image -->\n\n<!-- wp:group {\"style\":{\"spacing\":{\"blockGap\":\"0px\"}},\"layout\":{\"type\":\"flex\",\"orientation\":\"vertical\"}} -->\n<div class=\"wp-block-group\"><!-- wp:paragraph -->\n<p><strong>Marie</strong></p>\n<!-- /wp:paragraph -->\n\n<!-- wp:paragraph -->\n<p><em>Editora e joalheira</em></p>\n<!-- /wp:paragraph --></div>\n<!-- /wp:group --></div>\n<!-- /wp:group -->\n\n<!-- wp:group {\"style\":{\"spacing\":{\"padding\":{\"top\":\"1.5vw\",\"bottom\":\"3vw\"}}},\"layout\":{\"type\":\"flex\",\"orientation\":\"vertical\"}} -->\n<div class=\"wp-block-group\" style=\"padding-top:1.5vw;padding-bottom:3vw;\"><!-- wp:image {\"sizeSlug\":\"full\",\"linkDestination\":\"none\",\"className\":\"is-resized is-style-default\"} -->\n<figure class=\"wp-block-image size-full is-resized is-style-default\"><img src=\"https://s0.wp.com/wp-content/themes/pub/pendant/assets/images/smiling-woman-3.jpeg\" alt=\"\" /></figure>\n<!-- /wp:image -->\n\n<!-- wp:group {\"style\":{\"spacing\":{\"blockGap\":\"0px\"}},\"layout\":{\"type\":\"flex\",\"orientation\":\"vertical\"}} -->\n<div class=\"wp-block-group\"><!-- wp:paragraph -->\n<p><strong>Sandra</strong></p>\n<!-- /wp:paragraph -->\n\n<!-- wp:paragraph -->\n<p><em>Escritora, editora e designer de joias</em></p>\n<!-- /wp:paragraph --></div>\n<!-- /wp:group --></div>\n<!-- /wp:group --></div>\n<!-- /wp:column -->\n\n<!-- wp:column {\"verticalAlignment\":\"top\"} -->\n<div class=\"wp-block-column is-vertically-aligned-top\"><!-- wp:group {\"style\":{\"spacing\":{\"padding\":{\"top\":\"1.5vw\",\"bottom\":\"3vw\"}}},\"layout\":{\"type\":\"flex\",\"orientation\":\"vertical\"}} -->\n<div class=\"wp-block-group\" style=\"padding-top:1.5vw;padding-bottom:3vw;\"><!-- wp:image {\"sizeSlug\":\"full\",\"linkDestination\":\"none\",\"className\":\"is-resized is-style-default\"} -->\n<figure class=\"wp-block-image size-full is-resized is-style-default\"><img src=\"https://s0.wp.com/wp-content/themes/pub/pendant/assets/images/smiling-woman-2.jpeg\" alt=\"\" /></figure>\n<!-- /wp:image -->\n\n<!-- wp:group {\"style\":{\"spacing\":{\"blockGap\":\"0px\"}},\"layout\":{\"type\":\"flex\",\"orientation\":\"vertical\"}} -->\n<div class=\"wp-block-group\"><!-- wp:paragraph -->\n<p><strong>Tanya</strong></p>\n<!-- /wp:paragraph -->\n\n<!-- wp:paragraph -->\n<p><em>Editora e chefe de relações públicas</em></p>\n<!-- /wp:paragraph --></div>\n<!-- /wp:group --></div>\n<!-- /wp:group -->\n\n<!-- wp:group {\"style\":{\"spacing\":{\"padding\":{\"top\":\"1.5vw\",\"bottom\":\"3vw\"}}},\"layout\":{\"type\":\"flex\",\"orientation\":\"vertical\"}} -->\n<div class=\"wp-block-group\" style=\"padding-top:1.5vw;padding-bottom:3vw;\"><!-- wp:image {\"sizeSlug\":\"full\",\"linkDestination\":\"none\",\"className\":\"is-resized is-style-default\"} -->\n<figure class=\"wp-block-image size-full is-resized is-style-default\"><img src=\"https://s0.wp.com/wp-content/themes/pub/pendant/assets/images/man-with-backward-cap.jpeg\" alt=\"\" /></figure>\n<!-- /wp:image -->\n\n<!-- wp:group {\"style\":{\"spacing\":{\"blockGap\":\"0px\"}},\"layout\":{\"type\":\"flex\",\"orientation\":\"vertical\"}} -->\n<div class=\"wp-block-group\"><!-- wp:paragraph -->\n<p><strong>Ryan</strong></p>\n<!-- /wp:paragraph -->\n\n<!-- wp:paragraph -->\n<p><em>Líder de marketing e redes sociais</em></p>\n<!-- /wp:paragraph --></div>\n<!-- /wp:group --></div>\n<!-- /wp:group --></div>\n<!-- /wp:column --></div>\n<!-- /wp:columns --></div>\n<!-- /wp:group -->",
            "post_name": "greek-inspirations",
            "post_excerpt": "",
            "menu_order": 0,
            "post_status": "publish",
            "comment_status": "closed",
            "ping_status": "closed",
            "_starter_page_template": "",
            "hs_old_id": 9,
            "hs_post_parent": 0,
            "hs_taxonomies": {
                "category_name": [
                    "Joias antigas e vintage",
                    "Braceletes",
                    "Coleções de museu",
                    "Pingentes"
                ],
                "post_tag_name": []
            },
            "hs_custom_meta": "_hs_extra",
            "attachment_url": "https://pendantdemo.files.wordpress.com/2022/04/woman-hair-face-skin-hairstyle-ear-1600848-pxhere-1.jpeg"
        },
        {
            "post_type": "post",
            "post_title": "Inspirações gregas",
            "post_content": "<!-- wp:paragraph -->\n<p>Antes de entrarmos nas joias do período clássico da Grécia, devemos mencionar os ornamentos primitivos e arcaicos que vieram antes. Esses ornamentos são de uma fase da cultura grega chamada \"Mycenæan\" ou Civilização Micênica por conta de Micenas, onde, em 1876, o arqueólogo alemão Schliemann descobriu artefatos de ouro, agora preservados no Museu Arqueológico Nacional de Atenas. </p>\n<!-- /wp:paragraph -->\n\n<!-- wp:paragraph -->\n<p>Um motivo característico da decoração desses objetos é o uso de padrões espirais quase idênticos aos empregados nos ornamentos celtas. Além dessas e de outras exibições primitivas de habilidade decorativa, encontramos representações de formas animais naturalistas, como chocos, estrelas do mar, borboletas e outras criaturas. </p>\n<!-- /wp:paragraph -->\n\n<!-- wp:paragraph -->\n<p>Elas são exibidas em padrões repoussé trabalhados em baixo relevo. Entre os objetos de maior destaque, há coroas de ouro, a maioria em formato oval, decoradas com ornamentos refinados principalmente em forma de rosas e espirais.</p>\n<!-- /wp:paragraph -->\n\n<!-- wp:heading {\"level\":3} -->\n<h3>A deusa da moda</h3>\n<!-- /wp:heading -->\n\n<!-- wp:group -->\n<div class=\"wp-block-group\"><!-- wp:image {\"align\":\"left\",\"id\":13,\"sizeSlug\":\"large\",\"linkDestination\":\"none\"} -->\n<figure class=\"wp-block-image alignleft size-large\"><img src=\"https://pendantdemo.files.wordpress.com/2022/04/stocksnap_3ta5332ij4-2.jpeg?w=399\" alt=\"\" class=\"wp-image-13\" /></figure>\n<!-- /wp:image -->\n\n<!-- wp:paragraph -->\n<p>Na maioria das vezes, as joias para homenagear os mortos incluíam pérolas, granadas e, principalmente, âmbar-negro. O último, até pouco tempo atrás, era de preferência universal e moldado em todos os tipos de ornamentos. Felizmente, ainda existe alguma demanda, mesmo que pouca. </p>\n<!-- /wp:paragraph -->\n\n<!-- wp:paragraph -->\n<p>O costume de usar ornamentos com esse material tão sombrio e desagradável está quase extinto. Na França, no entanto, muitas famílias ainda guardam adereços feitos com cabelo em forma de braceletes e broches como souvenirs. </p>\n<!-- /wp:paragraph -->\n\n<!-- wp:paragraph -->\n<p>Após metade do século XIX, o uso de joias em homenagem aos mortos entrou em declínio.</p>\n<!-- /wp:paragraph -->\n\n<!-- wp:paragraph -->\n<p>A deusa da moda, que está em guerra contra as produções dos ourives há séculos, pesou mais sua mão sobre elas do que sobre qualquer outra forma de ornamento pessoal. Isso porque, em comparação com a abundante produção desses objetos no passado, o número deles em circulação hoje em dia é muito pequeno. </p>\n<!-- /wp:paragraph --></div>\n<!-- /wp:group -->\n\n<!-- wp:group {\"align\":\"full\",\"backgroundColor\":\"tertiary\",\"layout\":{\"inherit\":true}} -->\n<div class=\"wp-block-group alignfull has-tertiary-background-color has-background\"><!-- wp:quote {\"align\":\"center\",\"className\":\"is-style-plain\"} -->\n<blockquote class=\"wp-block-quote has-text-align-center is-style-plain\"><p>\"Por outro lado, um número considerável de exemplares de brincos sobreviveram. Retratos franceses e ingleses mostram inicialmente apenas uma grande pérola em forma de pera em cada orelha.\"</p><cite>Em \"Jewellery\", de H. Clifford Smith</cite></blockquote>\n<!-- /wp:quote --></div>\n<!-- /wp:group -->\n\n<!-- wp:paragraph -->\n<p>A maioria desses tesouros póstumos de família, com o passar do tempo, foi parar em caldeirões de joalherias, o que pode ser confirmado por aqueles que trabalham no ramo há mais tempo. Alguns confessam terem fundido centenas. Com o ressurgimento desse estilo hoje em dia, espera-se esses lembretes de nossa frágil mortalidade sejam mais bem preservados.</p>\n<!-- /wp:paragraph -->",
            "post_name": "timeless-jewelry-pieces",
            "post_excerpt": "",
            "menu_order": 0,
            "post_status": "publish",
            "comment_status": "closed",
            "ping_status": "closed",
            "_starter_page_template": "",
            "hs_old_id": 29,
            "hs_post_parent": 0,
            "hs_taxonomies": {
                "category_name": [
                    "Joias antigas e vintage"
                ],
                "post_tag_name": []
            },
            "hs_custom_meta": "_hs_extra",
            "attachment_url": "https://pendantdemo.files.wordpress.com/2022/04/engagement-ring-on-finger.jpeg"
        }
    ],
    "images": [
        "https://pendantdemo.files.wordpress.com/2022/04/pendant_lanadevito.png",
        "https://pendantdemo.files.wordpress.com/2022/04/pendant_andrewholsen.png",
        "https://pendantdemo.files.wordpress.com/2022/04/ring.png",
        "https://pendantdemo.files.wordpress.com/2022/04/necklace_1.png",
        "https://pendantdemo.files.wordpress.com/2022/04/earrings.png",
        "https://pendantdemo.files.wordpress.com/2022/04/engagement-ring-on-finger.jpeg",
        "https://pendantdemo.files.wordpress.com/2022/04/stocksnap_3ta5332ij4-2.jpeg",
        "https://pendantdemo.files.wordpress.com/2022/04/woman-hair-face-skin-hairstyle-ear-1600848-pxhere-1.jpeg"
    ],
    "meta": {
        "blog_id": 204974443,
        "url": "https://pendantdemo.wordpress.com",
        "update_date": "28 de junho de 2022, 22:17",
        "update_timestamp": 1656454648
    }
}