{
    "settings": {
        "options": {
            "show_on_front": "posts",
            "featured-content": {
                "tag-id": 35890,
                "tag-name": "featured",
                "hide-tag": 0,
                "show-all": 1
            },
            "jetpack_global_styles": false
        },
        "theme_mods": {
            "0": false,
            "nav_menu_locations": [],
            "custom_css_post_id": -1
        },
        "headstart": {
            "mapped_id_options": [],
            "mapped_id_theme_mods": [],
            "keep_submenu_items": true
        }
    },
    "widgets": [],
    "content": [
        {
            "post_type": "post",
            "post_title": "Zanaatkar Andrew Holsen ile soru-cevap",
            "post_content": "<!-- wp:paragraph -->\n<p>Andrew, Kaliforniya'da yaşayan bir mücevher üreticisi. El işçiliğine olan tutkusu, büyükannesinin yatak odasındaki ilk günlerine kadar uzanıyor. Büyük, ağır küpeler takar ve yetişkin gibi davranırdı.</p>\n<!-- /wp:paragraph -->\n\n<!-- wp:heading {\"level\":4} -->\n<h4>Yaratım süreciniz nasıl?</h4>\n<!-- /wp:heading -->\n\n<!-- wp:paragraph -->\n<p>Genellikle ilk işim yeni bir koleksiyonun genel özelliklerini çıkarmak ve belli bir kavramla özdeşleştirmektir. Bu da çoğu zaman çok daha erken aşamada, fotoğraf çekip şekillerle ilgili basit fikirler oluşturmaya başladığımda kendini gösterir.</p>\n<!-- /wp:paragraph -->\n\n<!-- wp:heading {\"level\":4} -->\n<h4>Size neler ilham veriyor?</h4>\n<!-- /wp:heading -->\n\n<!-- wp:paragraph -->\n<p>Dünya benim en büyük ilham kaynağım ve etkilendiğim şey. Züccaciye mağazalarını, eskicileri gezmeyi ve ham taşların güzelliğinden ilham almayı seviyorum.</p>\n<!-- /wp:paragraph -->",
            "post_name": "qa-with-andrew-holsen-hand-maker",
            "post_excerpt": "",
            "menu_order": 0,
            "post_status": "publish",
            "comment_status": "closed",
            "ping_status": "closed",
            "_starter_page_template": "",
            "hs_old_id": 74,
            "hs_post_parent": 0,
            "hs_taxonomies": {
                "category_name": [
                    "Röportajlar"
                ],
                "post_tag_name": []
            },
            "hs_custom_meta": "_hs_extra",
            "attachment_url": "https://pendantdemo.files.wordpress.com/2022/04/pendant_andrewholsen.png"
        },
        {
            "post_type": "post",
            "post_title": "Mücevher Tasarımcısı Lana DeVito ile Soru-Cevap",
            "post_content": "<!-- wp:paragraph -->\n<p>Lana DeVito; Boston'da (MA) yaşayan bir mücevher tasarımcısı. El işçiliğine olan tutkusu büyükannesinin yatak odasındaki ilk günlerine kadar uzanıyor. Büyük, ağır küpeler takar ve yetişkin gibi davranırdı.</p>\n<!-- /wp:paragraph -->\n\n<!-- wp:heading {\"level\":4} -->\n<h4>Yaratım süreciniz nasıl?</h4>\n<!-- /wp:heading -->\n\n<!-- wp:paragraph -->\n<p>Genellikle ilk işim yeni bir koleksiyonun genel özelliklerini çıkarmak ve belli bir kavramla özdeşleştirmektir. Bu da çoğu zaman çok daha erken aşamada, fotoğraf çekip şekillerle ilgili basit fikirler oluşturmaya başladığımda kendini gösterir.</p>\n<!-- /wp:paragraph -->\n\n<!-- wp:heading {\"level\":4} -->\n<h4>Size neler ilham veriyor?</h4>\n<!-- /wp:heading -->\n\n<!-- wp:paragraph -->\n<p>Dünya benim en büyük ilham kaynağım ve etkilendiğim şey. Züccaciye mağazalarını, eskicileri gezmeyi ve ham taşların güzelliğinden ilham almayı seviyorum.</p>\n<!-- /wp:paragraph -->",
            "post_name": "qa-with-lana-devito-jewellery-designer",
            "post_excerpt": "",
            "menu_order": 0,
            "post_status": "publish",
            "comment_status": "closed",
            "ping_status": "closed",
            "_starter_page_template": "",
            "hs_old_id": 59,
            "hs_post_parent": 0,
            "hs_taxonomies": {
                "category_name": [
                    "Röportajlar"
                ],
                "post_tag_name": []
            },
            "hs_custom_meta": "_hs_extra",
            "attachment_url": "https://pendantdemo.files.wordpress.com/2022/04/pendant_lanadevito.png"
        },
        {
            "post_type": "page",
            "post_title": " Hakkında",
            "post_content": "<!-- wp:group {\"align\":\"full\",\"style\":{\"spacing\":{\"margin\":{\"top\":\"0px\"},\"padding\":{\"top\":\"40px\",\"bottom\":\"50px\"}}},\"backgroundColor\":\"foreground\",\"textColor\":\"background\",\"layout\":{\"inherit\":true}} -->\n<div class=\"wp-block-group alignfull has-background-color has-foreground-background-color has-text-color has-background\" style=\"margin-top:0;padding-top:40px;padding-bottom:50px;\"><!-- wp:columns {\"align\":\"wide\"} -->\n<div class=\"wp-block-columns alignwide\"><!-- wp:column {\"width\":\"42%\"} -->\n<div class=\"wp-block-column\" style=\"flex-basis:42%;\"><!-- wp:heading {\"level\":1,\"align\":\"wide\"} -->\n<h1 class=\"alignwide\"> Hakkında</h1>\n<!-- /wp:heading --></div>\n<!-- /wp:column -->\n\n<!-- wp:column -->\n<div class=\"wp-block-column\"><!-- wp:image {\"sizeSlug\":\"full\",\"linkDestination\":\"none\"} -->\n<figure class=\"wp-block-image size-full\"><img src=\"https://s0.wp.com/wp-content/themes/pub/pendant/assets/images/person-in-dress-at-shore.jpg\" alt=\"\" /></figure>\n<!-- /wp:image -->\n\n<!-- wp:heading {\"level\":4} -->\n<h4>Mia Moore, Mücevher tutkunu</h4>\n<!-- /wp:heading -->\n\n<!-- wp:paragraph -->\n<p><em>“Mücevheri öğrendikçe ve tarihine daldıkça daha çok seviyorum. Belirli zamanlarda objelerin ardındaki anlamları, bunların statüye, servete veya güce nasıl dönüştüğünü öğrenmek. Takı her zaman bir iletişim ve farklı olma yolu olmuş ve toplumun evrimiyle birlikte giyim gibi başka bir ifade biçimine dönüşmüştür. Kimliğimizi ifade etmek için onu kullanma biçimlerimizi öğrenme konusunda büyük bir tutkum var.”</em></p>\n<!-- /wp:paragraph --></div>\n<!-- /wp:column --></div>\n<!-- /wp:columns -->\n\n<!-- wp:spacer {\"height\":\"40px\"} -->\n<div style=\"height:40px;\" aria-hidden=\"true\" class=\"wp-block-spacer\"></div>\n<!-- /wp:spacer --></div>\n<!-- /wp:group -->\n\n<!-- wp:group {\"style\":{\"spacing\":{\"padding\":{\"top\":\"100px\",\"bottom\":\"100px\"}}}} -->\n<div class=\"wp-block-group\" style=\"padding-top:100px;padding-bottom:100px;\"><!-- wp:heading {\"level\":3,\"style\":{\"typography\":{\"lineHeight\":1.4}}} -->\n<h3 style=\"line-height:1.4;\">Mia; mücevher, tarih ve el işçiliği konularında kendisiyle aynı tutkuyu paylaşan bir grup insanla kurdu blogu.</h3>\n<!-- /wp:heading --></div>\n<!-- /wp:group -->\n\n<!-- wp:media-text {\"align\":\"full\",\"mediaLink\":\"https://s0.wp.com/wp-content/themes/pub/pendant/assets/images/person-with-shadow-on-wall.jpeg\",\"mediaType\":\"image\",\"mediaWidth\":40,\"mediaSizeSlug\":\"full\",\"style\":{\"color\":{\"background\":\"#a19982\"}},\"className\":\"is-vertically-aligned-center\"} -->\n<div class=\"wp-block-media-text alignfull is-stacked-on-mobile is-vertically-aligned-center has-background\" style=\"background-color:#a19982;grid-template-columns:40% auto;\"><figure class=\"wp-block-media-text__media\"><img src=\"https://s0.wp.com/wp-content/themes/pub/pendant/assets/images/person-with-shadow-on-wall.jpeg\" alt=\"\" /></figure><div class=\"wp-block-media-text__content\"><!-- wp:group {\"style\":{\"spacing\":{\"padding\":{\"top\":\"30px\",\"right\":\"30px\",\"bottom\":\"40px\",\"left\":\"30px\"}}}} -->\n<div class=\"wp-block-group\" style=\"padding-top:30px;padding-right:30px;padding-bottom:40px;padding-left:30px;\"><!-- wp:quote {\"className\":\"is-style-plain\"} -->\n<blockquote class=\"wp-block-quote is-style-plain\"><p>\n\"Tutkumuzu yazıya dökebildiğimiz ve çalışmalarına hayran olduğumuz kişilerle röportaj yapabildiğimiz için çok şanslıyız.\"</p><cite>Marie, PNDNT editörü</cite></blockquote>\n<!-- /wp:quote --></div>\n<!-- /wp:group --></div></div>\n<!-- /wp:media-text -->\n\n<!-- wp:group {\"align\":\"wide\",\"style\":{\"spacing\":{\"padding\":{\"top\":\"5vw\",\"bottom\":\"5vw\"}}},\"layout\":{\"inherit\":true}} -->\n<div class=\"wp-block-group alignwide\" style=\"padding-top:5vw;padding-bottom:5vw;\"><!-- wp:columns {\"align\":\"wide\"} -->\n<div class=\"wp-block-columns alignwide\"><!-- wp:column {\"verticalAlignment\":\"top\",\"width\":\"25%\",\"style\":{\"spacing\":{\"padding\":{\"top\":\"7vw\"}}}} -->\n<div class=\"wp-block-column is-vertically-aligned-top\" style=\"padding-top:7vw;flex-basis:25%;\"><!-- wp:heading {\"level\":3} -->\n<h3>Ekip</h3>\n<!-- /wp:heading --></div>\n<!-- /wp:column -->\n\n<!-- wp:column {\"verticalAlignment\":\"top\"} -->\n<div class=\"wp-block-column is-vertically-aligned-top\"><!-- wp:group {\"style\":{\"spacing\":{\"padding\":{\"top\":\"1.5vw\",\"bottom\":\"3vw\"}}},\"layout\":{\"type\":\"flex\",\"orientation\":\"vertical\"}} -->\n<div class=\"wp-block-group\" style=\"padding-top:1.5vw;padding-bottom:3vw;\"><!-- wp:image {\"sizeSlug\":\"full\",\"linkDestination\":\"none\",\"className\":\"is-resized is-style-default\"} -->\n<figure class=\"wp-block-image size-full is-resized is-style-default\"><img src=\"https://s0.wp.com/wp-content/themes/pub/pendant/assets/images/smiling-woman-1.jpeg\" alt=\"\" /></figure>\n<!-- /wp:image -->\n\n<!-- wp:group {\"style\":{\"spacing\":{\"blockGap\":\"0px\"}},\"layout\":{\"type\":\"flex\",\"orientation\":\"vertical\"}} -->\n<div class=\"wp-block-group\"><!-- wp:paragraph -->\n<p><strong>Marie</strong></p>\n<!-- /wp:paragraph -->\n\n<!-- wp:paragraph -->\n<p><em>Editör ve Kuyumcu</em></p>\n<!-- /wp:paragraph --></div>\n<!-- /wp:group --></div>\n<!-- /wp:group -->\n\n<!-- wp:group {\"style\":{\"spacing\":{\"padding\":{\"top\":\"1.5vw\",\"bottom\":\"3vw\"}}},\"layout\":{\"type\":\"flex\",\"orientation\":\"vertical\"}} -->\n<div class=\"wp-block-group\" style=\"padding-top:1.5vw;padding-bottom:3vw;\"><!-- wp:image {\"sizeSlug\":\"full\",\"linkDestination\":\"none\",\"className\":\"is-resized is-style-default\"} -->\n<figure class=\"wp-block-image size-full is-resized is-style-default\"><img src=\"https://s0.wp.com/wp-content/themes/pub/pendant/assets/images/smiling-woman-3.jpeg\" alt=\"\" /></figure>\n<!-- /wp:image -->\n\n<!-- wp:group {\"style\":{\"spacing\":{\"blockGap\":\"0px\"}},\"layout\":{\"type\":\"flex\",\"orientation\":\"vertical\"}} -->\n<div class=\"wp-block-group\"><!-- wp:paragraph -->\n<p><strong>Sandra</strong></p>\n<!-- /wp:paragraph -->\n\n<!-- wp:paragraph -->\n<p><em>Yazar, Editör ve Takı Tasarımcısı</em></p>\n<!-- /wp:paragraph --></div>\n<!-- /wp:group --></div>\n<!-- /wp:group --></div>\n<!-- /wp:column -->\n\n<!-- wp:column {\"verticalAlignment\":\"top\"} -->\n<div class=\"wp-block-column is-vertically-aligned-top\"><!-- wp:group {\"style\":{\"spacing\":{\"padding\":{\"top\":\"1.5vw\",\"bottom\":\"3vw\"}}},\"layout\":{\"type\":\"flex\",\"orientation\":\"vertical\"}} -->\n<div class=\"wp-block-group\" style=\"padding-top:1.5vw;padding-bottom:3vw;\"><!-- wp:image {\"sizeSlug\":\"full\",\"linkDestination\":\"none\",\"className\":\"is-resized is-style-default\"} -->\n<figure class=\"wp-block-image size-full is-resized is-style-default\"><img src=\"https://s0.wp.com/wp-content/themes/pub/pendant/assets/images/smiling-woman-2.jpeg\" alt=\"\" /></figure>\n<!-- /wp:image -->\n\n<!-- wp:group {\"style\":{\"spacing\":{\"blockGap\":\"0px\"}},\"layout\":{\"type\":\"flex\",\"orientation\":\"vertical\"}} -->\n<div class=\"wp-block-group\"><!-- wp:paragraph -->\n<p><strong>Tanya</strong></p>\n<!-- /wp:paragraph -->\n\n<!-- wp:paragraph -->\n<p><em>Editör ve Halkla İlişkiler</em></p>\n<!-- /wp:paragraph --></div>\n<!-- /wp:group --></div>\n<!-- /wp:group -->\n\n<!-- wp:group {\"style\":{\"spacing\":{\"padding\":{\"top\":\"1.5vw\",\"bottom\":\"3vw\"}}},\"layout\":{\"type\":\"flex\",\"orientation\":\"vertical\"}} -->\n<div class=\"wp-block-group\" style=\"padding-top:1.5vw;padding-bottom:3vw;\"><!-- wp:image {\"sizeSlug\":\"full\",\"linkDestination\":\"none\",\"className\":\"is-resized is-style-default\"} -->\n<figure class=\"wp-block-image size-full is-resized is-style-default\"><img src=\"https://s0.wp.com/wp-content/themes/pub/pendant/assets/images/man-with-backward-cap.jpeg\" alt=\"\" /></figure>\n<!-- /wp:image -->\n\n<!-- wp:group {\"style\":{\"spacing\":{\"blockGap\":\"0px\"}},\"layout\":{\"type\":\"flex\",\"orientation\":\"vertical\"}} -->\n<div class=\"wp-block-group\"><!-- wp:paragraph -->\n<p><strong>Ryan</strong></p>\n<!-- /wp:paragraph -->\n\n<!-- wp:paragraph -->\n<p><em>Pazarlama ve Sosyal Medya</em></p>\n<!-- /wp:paragraph --></div>\n<!-- /wp:group --></div>\n<!-- /wp:group --></div>\n<!-- /wp:column --></div>\n<!-- /wp:columns --></div>\n<!-- /wp:group -->",
            "post_name": "about",
            "post_excerpt": "",
            "menu_order": 0,
            "post_status": "publish",
            "comment_status": "closed",
            "ping_status": "closed",
            "_starter_page_template": "blank",
            "hs_old_id": 23,
            "hs_post_parent": 0,
            "hs_taxonomies": [],
            "hs_custom_meta": "_hs_extra",
            "page_template": "header-footer-only"
        },
        {
            "post_type": "post",
            "post_title": "Yunan İlhamları",
            "post_content": "<!-- wp:paragraph -->\n<p>Klasik dönemin Yunan takılarını ele almadan önce, ondan önce gelen ilkel ve arkaik süs eşyalarına değinmek gerekir. İlkel süs eşyalarının ait olduğu Yunan kültürü dönemi ve evresi yaygın şekilde \"Miken\" olarak bilinir. Bu isim, 1876'da Schliemann'ın şu anda Ulusal Müze'de korunan ünlü altın hazineyi gün ışığına çıkardığı Atina, Mycenæ'de yapılan keşiflerden gelir. </p>\n<!-- /wp:paragraph -->\n\n<!-- wp:paragraph -->\n<p>Bu obje süslemelerinin karakteristik bir nedeni, Kelt süslemelerinde kullanılanlarla hemen hemen aynı olan spiral desenlerdir. Bunların ve diğer ilkel dekoratif becerilerin yanı sıra, mürekkep balığı, deniz yıldızı, kelebek ve diğer varlıklar gibi natüralist hayvan formlarının temsillerini görürüz. </p>\n<!-- /wp:paragraph -->\n\n<!-- wp:paragraph -->\n<p>Bunlar, hafif kabartma olarak işlenmiş repoussé desenlerinde görülür. En dikkate değer objeler arasında, çoğunlukla rozet ve spiral şeklinde ince işçilikle süslenmiş, genellikle uzun oval plakalar biçiminde çeşitli altın taçlar vardır.</p>\n<!-- /wp:paragraph -->\n\n<!-- wp:heading {\"level\":3} -->\n<h3>Tanrıça Moda</h3>\n<!-- /wp:heading -->\n\n<!-- wp:group -->\n<div class=\"wp-block-group\"><!-- wp:image {\"align\":\"left\",\"id\":13,\"sizeSlug\":\"large\",\"linkDestination\":\"none\"} -->\n<figure class=\"wp-block-image alignleft size-large\"><img src=\"https://pendantdemo.files.wordpress.com/2022/04/stocksnap_3ta5332ij4-2.jpeg?w=399\" alt=\"\" class=\"wp-image-13\" /></figure>\n<!-- /wp:image -->\n\n<!-- wp:paragraph -->\n<p>Yas takıları genellikle inci, granat veya daha sık olarak oltu taşındandır. Sonuncusu, kısa bir süre öncesine çok revaçtaydı ve her tür süs eşyası olarak biçim almıştı Neyse ki artık çok az talep görüyor. </p>\n<!-- /wp:paragraph -->\n\n<!-- wp:paragraph -->\n<p>Bu tür kasvetli ve nahoş malzemelerden oluşan süs eşyalarını kullanma geleneği artık nereden bakılırsa bakılsın sona ermiştir, ancak bilezik ve madalyon şeklindeki saç işlerinin (ouvrages en cheveux) hâlâ değerli aile hatıraları olarak kullanımı Fransa'da bir dereceye kadar devam etmektedir </p>\n<!-- /wp:paragraph -->\n\n<!-- wp:paragraph -->\n<p>On dokuzuncu yüzyılın ortalarından sonra, yas yüzüklerinin ve diğer hatıra takıların kullanımı ortadan kalkmaya başladı.</p>\n<!-- /wp:paragraph -->\n\n<!-- wp:paragraph -->\n<p>Tüm çağlar boyunca kuyumcuların ürünlerine savaş açmış olan Tanrıça Moda, bu ürünlere diğer kişisel süs eşyalarından daha ağır şekilde el koydu - geçmişte üretilmiş bu betimlemedeki muazzam miktarlarda objelerden günümüzde nispeten küçük bir miktarın kalmasını açıklayan bir durum. </p>\n<!-- /wp:paragraph --></div>\n<!-- /wp:group -->\n\n<!-- wp:group {\"align\":\"full\",\"backgroundColor\":\"tertiary\",\"layout\":{\"inherit\":true}} -->\n<div class=\"wp-block-group alignfull has-tertiary-background-color has-background\"><!-- wp:quote {\"align\":\"center\",\"className\":\"is-style-plain\"} -->\n<blockquote class=\"wp-block-quote has-text-align-center is-style-plain\"><p>\"Öte yandan küpelerden hatırı sayılır sayıda örnek günümüze ulaşmıştır. Fransız ve İngiliz portrelerinde ilk başta her kulakta yalnızca armut biçimli büyük bir inci görülür.\"</p><cite>H. Clifford Smith'in \"Mücevherat\" adlı kitabından</cite></blockquote>\n<!-- /wp:quote --></div>\n<!-- /wp:group -->\n\n<!-- wp:paragraph -->\n<p>Çoğu aile zaman zaman atalarından kalan bu değerli parçaların eritme potasına gitmesine razı olmak zorunda kalmıştır ve uzun süre kuyumculuk işinde bulunanlar miras kalmış yüzlerce takıyı parçalamak zorunda kaldıklarını itiraf ederler. Bu alanda günümüzde görülen canlanmanın, basit ölümlü yanımıza ait bu hoş hatıralardan geriye kalanların korunmasına kapı açacağını umuyoruz.</p>\n<!-- /wp:paragraph -->",
            "post_name": "greek-inspirations",
            "post_excerpt": "Tüm çağlar boyunca kuyumcuların ürünlerine savaş açmış olan Tanrıça Moda, diğer kişisel süsleme biçimlerinden daha çok bu ürünlere göstermiştir öfkesini.",
            "menu_order": 0,
            "post_status": "publish",
            "comment_status": "closed",
            "ping_status": "closed",
            "_starter_page_template": "",
            "hs_old_id": 9,
            "hs_post_parent": 0,
            "hs_taxonomies": {
                "category_name": [
                    "Antika ve Vintage Takı",
                    "Bilezikler",
                    "Müze Koleksiyonları",
                    "Kolyeler"
                ],
                "post_tag_name": []
            },
            "hs_custom_meta": "_hs_extra",
            "attachment_url": "https://pendantdemo.files.wordpress.com/2022/04/woman-hair-face-skin-hairstyle-ear-1600848-pxhere-1.jpeg"
        },
        {
            "post_type": "post",
            "post_title": "Zaman Üstü Takı Parçaları",
            "post_content": "<!-- wp:paragraph -->\n<p> Bir nişan yüzüğü, bir çift kol düğmesi veya elbise için basit bir iğne antik çağda yaygın olmadığından bu amaçla genel kullanımı nispeten yakın zamanlara aittir.</p>\n<!-- /wp:paragraph -->",
            "post_name": "timeless-jewelry-pieces",
            "post_excerpt": "",
            "menu_order": 0,
            "post_status": "publish",
            "comment_status": "closed",
            "ping_status": "closed",
            "_starter_page_template": "",
            "hs_old_id": 29,
            "hs_post_parent": 0,
            "hs_taxonomies": {
                "category_name": [
                    "Antika ve Vintage Takı"
                ],
                "post_tag_name": []
            },
            "hs_custom_meta": "_hs_extra",
            "attachment_url": "https://pendantdemo.files.wordpress.com/2022/04/engagement-ring-on-finger.jpeg"
        }
    ],
    "images": [
        "https://pendantdemo.files.wordpress.com/2022/04/pendant_lanadevito.png",
        "https://pendantdemo.files.wordpress.com/2022/04/pendant_andrewholsen.png",
        "https://pendantdemo.files.wordpress.com/2022/04/ring.png",
        "https://pendantdemo.files.wordpress.com/2022/04/necklace_1.png",
        "https://pendantdemo.files.wordpress.com/2022/04/earrings.png",
        "https://pendantdemo.files.wordpress.com/2022/04/engagement-ring-on-finger.jpeg",
        "https://pendantdemo.files.wordpress.com/2022/04/stocksnap_3ta5332ij4-2.jpeg",
        "https://pendantdemo.files.wordpress.com/2022/04/woman-hair-face-skin-hairstyle-ear-1600848-pxhere-1.jpeg"
    ],
    "meta": {
        "blog_id": 204974443,
        "url": "https://pendantdemo.wordpress.com",
        "update_date": "28 Haziran 2022, 22:17",
        "update_timestamp": 1656454648
    }
}